CREATE DATABASE  IF NOT EXISTS `music` /*!40100 DEFAULT CHARACTER SET utf8 */;
USE `music`;
-- MySQL dump 10.13  Distrib 5.7.17, for Win64 (x86_64)
--
-- Host: localhost    Database: music
-- ------------------------------------------------------
-- Server version	5.7.20-log

/*!40101 SET @OLD_CHARACTER_SET_CLIENT=@@CHARACTER_SET_CLIENT */;
/*!40101 SET @OLD_CHARACTER_SET_RESULTS=@@CHARACTER_SET_RESULTS */;
/*!40101 SET @OLD_COLLATION_CONNECTION=@@COLLATION_CONNECTION */;
/*!40101 SET NAMES utf8 */;
/*!40103 SET @OLD_TIME_ZONE=@@TIME_ZONE */;
/*!40103 SET TIME_ZONE='+00:00' */;
/*!40014 SET @OLD_UNIQUE_CHECKS=@@UNIQUE_CHECKS, UNIQUE_CHECKS=0 */;
/*!40014 SET @OLD_FOREIGN_KEY_CHECKS=@@FOREIGN_KEY_CHECKS, FOREIGN_KEY_CHECKS=0 */;
/*!40101 SET @OLD_SQL_MODE=@@SQL_MODE, SQL_MODE='NO_AUTO_VALUE_ON_ZERO' */;
/*!40111 SET @OLD_SQL_NOTES=@@SQL_NOTES, SQL_NOTES=0 */;

--
-- Table structure for table `album`
--

DROP TABLE IF EXISTS `album`;
/*!40101 SET @saved_cs_client     = @@character_set_client */;
/*!40101 SET character_set_client = utf8 */;
CREATE TABLE `album` (
  `album_id` int(11) NOT NULL AUTO_INCREMENT,
  `album_art_large` varchar(255) DEFAULT NULL,
  `album_art_small` varchar(255) DEFAULT NULL,
  `album_title` varchar(255) DEFAULT NULL,
  `album_title_lower` varchar(255) DEFAULT NULL,
  `release_year` int(11) DEFAULT NULL,
  `band_band_id` int(11) NOT NULL,
  `is_live` bit(1) NOT NULL,
  `genre_genre_id` int(11) NOT NULL,
  PRIMARY KEY (`album_id`),
  KEY `FKc27dwfnc4990ri9lwi60pjs74` (`band_band_id`),
  KEY `FKe7m8r1w4h7d65yoxd2gewjw3e` (`genre_genre_id`),
  CONSTRAINT `FKc27dwfnc4990ri9lwi60pjs74` FOREIGN KEY (`band_band_id`) REFERENCES `band` (`band_id`),
  CONSTRAINT `FKe7m8r1w4h7d65yoxd2gewjw3e` FOREIGN KEY (`genre_genre_id`) REFERENCES `genre` (`genre_id`)
) ENGINE=InnoDB AUTO_INCREMENT=97 DEFAULT CHARSET=utf8;
/*!40101 SET character_set_client = @saved_cs_client */;

--
-- Dumping data for table `album`
--

LOCK TABLES `album` WRITE;
/*!40000 ALTER TABLE `album` DISABLE KEYS */;
INSERT INTO `album` VALUES (1,'images/albumCovers/BRMC/HiRes/BRMC-Demos.jpg','images/albumCovers/BRMC/BRMC-Demos.jpg','Demos 1999','demos1999',1999,1,'\0',4),(2,'images/albumCovers/BRMC/HiRes/BRMC-BlackRebelMotorcycleClub.jpg','images/albumCovers/BRMC/BRMC-BlackRebelMotorcycleClub.jpg','BRMC','brmc',2001,1,'\0',4),(3,'images/albumCovers/BRMC/HiRes/BRMC-TakeThemOnOnYourOwn.jpg','images/albumCovers/BRMC/BRMC-TakeThemOnOnYourOwn.jpg','Take Them On On Your Own','takethemononyourown',2003,1,'\0',4),(4,'images/albumCovers/BRMC/HiRes/BRMC-Howl.jpg','images/albumCovers/BRMC/BRMC-Howl.jpg','Howl','howl',2005,1,'\0',4),(5,'images/albumCovers/BRMC/HiRes/BRMC-Baby81.jpg','images/albumCovers/BRMC/BRMC-Baby81.jpg','Baby 81','baby81',2007,1,'\0',4),(6,'images/albumCovers/BRMC/HiRes/BRMC-TheEffectsOf333.jpg','images/albumCovers/BRMC/BRMC-TheEffectsOf333.jpg','The Effects Of 333','theeffectsof333',2009,1,'\0',4),(7,'images/albumCovers/BRMC/HiRes/BRMC-BeatTheDevilsTattoo.jpg','images/albumCovers/BRMC/BRMC-BeatTheDevilsTattoo.jpg','Beat The Devils Tattoo','beatthedevilstattoo',2010,1,'\0',4),(8,'images/albumCovers/BRMC/HiRes/BRMC-SpecterAtTheFeast.jpg','images/albumCovers/BRMC/BRMC-SpecterAtTheFeast.jpg','Specter At The Feast','specteratthefeast',2013,1,'\0',4),(9,'images/albumCovers/BRMC/HiRes/BRMC-WrongCreatures.jpg','images/albumCovers/BRMC/BRMC-WrongCreatures.jpg','Wrong Creatures','wrongcreatures',2018,1,'\0',4),(10,'images/albumCovers/BRMC/HiRes/BRMC-Live.jpg','images/albumCovers/BRMC/BRMC-Live.jpg','Live','live',2009,1,'',4),(11,'images/albumCovers/BRMC/HiRes/BRMC-LiveInLondon.jpg','images/albumCovers/BRMC/BRMC-LiveInLondon.jpg','Live In London','liveinlondon',2010,1,'',4),(12,'images/albumCovers/BRMC/HiRes/BRMC-LiveInParis.jpg','images/albumCovers/BRMC/BRMC-LiveInParis.jpg','Live In Paris','liveinparis',2015,1,'',4),(13,'images/albumCovers/BRMC/HiRes/BRMC-ScreamingGun.jpg','images/albumCovers/BRMC/BRMC-ScreamingGun.jpg','Screaming Gun','screaminggun',2001,1,'\0',4),(14,'images/albumCovers/BRMC/HiRes/BRMC-ForMurder.jpg','images/albumCovers/BRMC/BRMC-ForMurder.jpg','For Murder','formurder',2004,1,'\0',4),(15,'images/albumCovers/BRMC/HiRes/BRMC-HowlSessions.jpg','images/albumCovers/BRMC/BRMC-HowlSessions.jpg','Howl Sessions','howlsessions',2005,1,'\0',4),(16,'images/albumCovers/BRMC/HiRes/BRMC-AmericanXBaby81Sessions.jpg','images/albumCovers/BRMC/BRMC-AmericanXBaby81Sessions.jpg','American X Baby 81 Sessions','americanxbaby81sessions',2007,1,'\0',4),(17,'images/albumCovers/Spacemen3/HiRes/Spacemen3-SoundOfConfusion.jpg','images/albumCovers/Spacemen3/Spacemen3-SoundOfConfusion.jpg','Sound Of Confusion','soundofconfusion',1986,2,'\0',8),(18,'images/albumCovers/Spacemen3/HiRes/Spacemen3-ThePerfectPrescription.jpg','images/albumCovers/Spacemen3/Spacemen3-ThePerfectPrescription.jpg','The Perfect Prescription','theperfectprescription',1987,2,'\0',8),(19,'images/albumCovers/Spacemen3/HiRes/Spacemen3-PlayingWithFire.jpg','images/albumCovers/Spacemen3/Spacemen3-PlayingWithFire.jpg','Playing With Fire','playingwithfire',1988,2,'\0',8),(20,'images/albumCovers/Spacemen3/HiRes/Spacemen3-LiveInEurope1989.jpg','images/albumCovers/Spacemen3/Spacemen3-LiveInEurope1989.jpg','LiveInEurope1989','liveineurope1989',1989,2,'',8),(21,'images/albumCovers/Spacemen3/HiRes/Spacemen3-Recurring.jpg','images/albumCovers/Spacemen3/Spacemen3-Recurring.jpg','Recurring','recurring',1990,2,'\0',8),(22,'images/albumCovers/Spacemen3/HiRes/Spacemen3-Dreamweapon.jpg','images/albumCovers/Spacemen3/Spacemen3-Dreamweapon.jpg','Dreamweapon','dreamweapon',1995,2,'',8),(23,'images/albumCovers/PinkFloyd/HiRes/PinkFloyd-ThePiperAtTheGatesOfDawn.jpg','images/albumCovers/PinkFloyd/PinkFloyd-ThePiperAtTheGatesOfDawn.jpg','The Piper At The Gates Of Dawn','thepiperatthegatesofdawn',1967,3,'\0',7),(24,'images/albumCovers/PinkFloyd/HiRes/PinkFloyd-ASaucerfulOfSecrets.jpg','images/albumCovers/PinkFloyd/PinkFloyd-ASaucerfulOfSecrets.jpg','A Saucerful Of Secrets','asaucerfulofsecrets',1968,3,'\0',7),(25,'images/albumCovers/PinkFloyd/HiRes/PinkFloyd-More.jpg','images/albumCovers/PinkFloyd/PinkFloyd-More.jpg','More','more',1969,3,'\0',7),(26,'images/albumCovers/PinkFloyd/HiRes/PinkFloyd-Ummagumma.jpg','images/albumCovers/PinkFloyd/PinkFloyd-Ummagumma.jpg','Ummagumma','ummagumma',1969,3,'',7),(27,'images/albumCovers/PinkFloyd/HiRes/PinkFloyd-AtomHeartMother.jpg','images/albumCovers/PinkFloyd/PinkFloyd-AtomHeartMother.jpg','Atom Heart Mother','atomheartmother',1970,3,'\0',7),(28,'images/albumCovers/PinkFloyd/HiRes/PinkFloyd-Meddle.jpg','images/albumCovers/PinkFloyd/PinkFloyd-Meddle.jpg','Meddle','meddle',1971,3,'\0',7),(29,'images/albumCovers/PinkFloyd/HiRes/PinkFloyd-ObscuredByClouds.jpg','images/albumCovers/PinkFloyd/PinkFloyd-ObscuredByClouds.jpg','Obscured By Clouds','obscuredbyclouds',1972,3,'\0',7),(30,'images/albumCovers/PinkFloyd/HiRes/PinkFloyd-TheDarkSideOfTheMoon.jpg','images/albumCovers/PinkFloyd/PinkFloyd-TheDarkSideOfTheMoon.jpg','The Dark Side Of The Moon','thedarksideofthemoon',1973,3,'\0',7),(31,'images/albumCovers/PinkFloyd/HiRes/PinkFloyd-WishYouWereHere.jpg','images/albumCovers/PinkFloyd/PinkFloyd-WishYouWereHere.jpg','Wish You Were Here','wishyouwerehere',1975,3,'\0',7),(32,'images/albumCovers/PinkFloyd/HiRes/PinkFloyd-Animals.jpg','images/albumCovers/PinkFloyd/PinkFloyd-Animals.jpg','Animals','animals',1977,3,'\0',7),(33,'images/albumCovers/PinkFloyd/HiRes/PinkFloyd-TheWall.jpg','images/albumCovers/PinkFloyd/PinkFloyd-TheWall.jpg','The Wall','thewall',1979,3,'\0',7),(34,'images/albumCovers/PinkFloyd/HiRes/PinkFloyd-TheFinalCut.jpg','images/albumCovers/PinkFloyd/PinkFloyd-TheFinalCut.jpg','The Final Cut','thefinalcut',1982,3,'\0',7),(35,'images/albumCovers/PinkFloyd/HiRes/PinkFloyd-AMomentaryLapseOfReason.jpg','images/albumCovers/PinkFloyd/PinkFloyd-AMomentaryLapseOfReason.jpg','A Momentary Lapse Of Reason','amomentarylapseofreason',1987,3,'\0',7),(36,'images/albumCovers/PinkFloyd/HiRes/PinkFloyd-DelicateSoundOfThunder.jpg','images/albumCovers/PinkFloyd/PinkFloyd-DelicateSoundOfThunder.jpg','Delicate Sound Of Thunder','delicatesoundofthunder',1988,3,'',7),(37,'images/albumCovers/PinkFloyd/HiRes/PinkFloyd-TheDivisionBell.jpg','images/albumCovers/PinkFloyd/PinkFloyd-TheDivisionBell.jpg','The Division Bell','thedivisionbell',1994,3,'\0',7),(38,'images/albumCovers/PinkFloyd/HiRes/PinkFloyd-Pulse.jpg','images/albumCovers/PinkFloyd/PinkFloyd-Pulse.jpg','Pulse','pulse',1995,3,'',7),(39,'images/albumCovers/PinkFloyd/HiRes/PinkFloyd-IsThereAnybodyOutThereTheWallLive.jpg','images/albumCovers/PinkFloyd/PinkFloyd-IsThereAnybodyOutThereTheWallLive.jpg','There Anybody Out There The Wall Live','thereanybodyouttherethewalllive',2000,3,'',7),(40,'images/albumCovers/PinkFloyd/HiRes/PinkFloyd-TheEndlessRiver.jpg','images/albumCovers/PinkFloyd/PinkFloyd-TheEndlessRiver.jpg','The Endless River','theendlessriver',2014,3,'\0',7),(41,'images/albumCovers/VA/HiRes/Ramones-ItsAlive1977.jpg','images/albumCovers/VA/Ramones-ItsAlive1977.jpg','Its Alive','itsalive31121977',1978,4,'',9),(42,'images/albumCovers/VA/HiRes/TheClash-LiveAtSheaSradium1982.jpg','images/albumCovers/VA/TheClash-LiveAtSheaSradium1982.jpg','Live @ Shea Stadium','liveatsheastadium1982',2008,5,'',9),(43,'images/albumCovers/VA/HiRes/TheJam-Live@The100Club1977.jpg','images/albumCovers/VA/TheJam-Live@The100Club1977.jpg','Live @ The 100 Club','liveathe100club11091977',2016,6,'',9),(44,'images/albumCovers/VA/HiRes/TheVelvetUnderground-TheMatrixTapes.jpg','images/albumCovers/VA/TheVelvetUnderground-TheMatrixTapes.jpg','The Matrix Tapes','thematrixtapes',2015,7,'',2),(45,'images/albumCovers/VA/HiRes/BlitzenTrapper-LiveInPortland2014.jpg','images/albumCovers/VA/BlitzenTrapper-LiveInPortland2014.jpg','Live In Portland','liveinportland2014',2014,8,'',3),(46,'images/albumCovers/VA/HiRes/TheDoors-LiveInNewYork1970.jpg','images/albumCovers/VA/TheDoors-LiveInNewYork1970.jpg','Live In New York','liveinnewyork1970',2009,9,'',8),(47,'images/albumCovers/VA/HiRes/TurinBrakes-TheOptimistLive2011.jpg','images/albumCovers/VA/TurinBrakes-TheOptimistLive2011.jpg','The Optimist Live','theoptimistlive',2011,10,'',3),(48,'images/albumCovers/VA/HiRes/ACDC-LiveCollectorEdition1992.jpg','images/albumCovers/VA/ACDC-LiveCollectorEdition1992.jpg','Live (Collectors Edition)','livecollectoredition',1992,11,'',5),(49,'images/albumCovers/VA/HiRes/Spiritualized-LiveAtTheRoyalALbertHall1998.jpg','images/albumCovers/VA/Spiritualized-LiveAtTheRoyalALbertHall1998.jpg','Live @ The Royal Albert Hall','liveattheroyalalberthall',1998,12,'',8),(50,'images/albumCovers/VA/HiRes/ArcadeFire-Funeral.jpg','images/albumCovers/VA/ArcadeFire-Funeral.jpg','Funeral','funeral',2004,13,'\0',6),(51,'images/albumCovers/VA/HiRes/ArcadeFire-NeonBible.jpg','images/albumCovers/VA/ArcadeFire-NeonBible.jpg','Neon Bible','neonbible',2006,13,'\0',6),(52,'images/albumCovers/VA/HiRes/ArcadeFire-TheSuburbs.jpg','images/albumCovers/VA/ArcadeFire-TheSuburbs.jpg','The Suburbs','thesuburbs',2010,13,'\0',6),(53,'images/albumCovers/VA/HiRes/ArcadeFire-Reflector.jpg','images/albumCovers/VA/ArcadeFire-Reflector.jpg','Reflector','reflector',2013,13,'\0',6),(54,'images/albumCovers/VA/HiRes/ArcadeFire-EverythingNow.jpg','images/albumCovers/VA/ArcadeFire-EverythingNow.jpg','Everything Now','everythingnow',2017,13,'\0',6),(55,'images/albumCovers/VA/HiRes/TheAnswer-Rise.jpg','images/albumCovers/VA/TheAnswer-Rise.jpg','Rise','rise',2006,14,'\0',5),(56,'images/albumCovers/VA/HiRes/TheAnswer-EverydayDemons.jpg','images/albumCovers/VA/TheAnswer-EverydayDemons.jpg','Everyday Demons','everydaydemons',2009,14,'\0',5),(57,'images/albumCovers/VA/HiRes/TheAnswer-Revival.jpg','images/albumCovers/VA/TheAnswer-Revival.jpg','Revival','revival',2011,14,'\0',5),(58,'images/albumCovers/VA/HiRes/TheAnswer-NewHorizon.jpg','images/albumCovers/VA/TheAnswer-NewHorizon.jpg','New Horizon','newhorizon',2013,14,'\0',5),(59,'images/albumCovers/VA/HiRes/TheAnswer-RaiseALittleHell.jpg','images/albumCovers/VA/TheAnswer-RaiseALittleHell.jpg','Raise A Little Hell','raisealittlehell',2015,14,'\0',5),(60,'images/albumCovers/VA/HiRes/TheAnswer-Solas.jpg','images/albumCovers/VA/TheAnswer-Solas.jpg','Solas','solas',2016,14,'\0',5),(61,'images/albumCovers/VA/HiRes/CCR-TheConcert1980.jpg','images/albumCovers/VA/CCR-TheConcert1980.jpg','The Concert','theconcert',1980,15,'',1),(62,'images/albumCovers/VA/HiRes/TheWhiteStripes-UnderNovaScotianLights.jpg','images/albumCovers/VA/TheWhiteStripes-UnderNovaScotianLights.jpg','Under Nova Scotian Lights','undernovascotianlights',2010,18,'',4),(63,'images/albumCovers/VA/HiRes/BlitzenTrapper-WildMountainNation.jpg','images/albumCovers/VA/BlitzenTrapper-WildMountainNation.jpg','Wild Mountain Nation','wildmountainnation',2007,8,'\0',3),(64,'images/albumCovers/VA/HiRes/BlitzenTrapper-Furr.jpg','images/albumCovers/VA/BlitzenTrapper-Furr.jpg','Furr','furr',2008,8,'\0',3),(65,'images/albumCovers/VA/HiRes/BlitzenTrapper-DestroyerOfTheVoid.jpg','images/albumCovers/VA/BlitzenTrapper-DestroyerOfTheVoid.jpg','Destroyer Of The Void','destroyerofthevoid',2010,8,'\0',3),(66,'images/albumCovers/VA/HiRes/BlitzenTrapper-AmericanGoldwing.jpg','images/albumCovers/VA/BlitzenTrapper-AmericanGoldwing.jpg','American Goldwing','americangoldwing',2011,8,'\0',3),(67,'images/albumCovers/VA/HiRes/BlitzenTrapper-VII.jpg','images/albumCovers/VA/BlitzenTrapper-VII.jpg','VII','vii',2013,8,'\0',3),(68,'images/albumCovers/VA/HiRes/BlitzenTrapper-LiveHarvest.jpg','images/albumCovers/VA/BlitzenTrapper-LiveHarvest.jpg','Live Harvest','liveharvest',2015,8,'',3),(69,'images/albumCovers/VA/HiRes/BlitzenTrapper-AllAcrossThisLand.jpg','images/albumCovers/VA/BlitzenTrapper-AllAcrossThisLand.jpg','All Across This Land','allacrossthisland',2015,8,'\0',3),(70,'images/albumCovers/VA/HiRes/BlitzenTrapper-WildAndReckless.jpg','images/albumCovers/VA/BlitzenTrapper-WildAndReckless.jpg','Wild And Reckless','wildandreckless',2017,8,'\0',3),(71,'images/albumCovers/VA/HiRes/TheWhiteBuffalo-HogtiedLikeA Rodeo.jpg','images/albumCovers/VA/TheWhiteBuffalo-HogtiedLikeA Rodeo.jpg','Hogtied Like A Rodeo','hogtiedlikearodeo',2002,20,'\0',1),(72,'images/albumCovers/VA/HiRes/TheWhiteBuffalo-HogtiedRevisited.jpg','images/albumCovers/VA/TheWhiteBuffalo-HogtiedRevisited.jpg','Hogtied Revisited','hogtiedrevisited',2009,20,'\0',1),(73,'images/albumCovers/VA/HiRes/TheWhiteBuffalo-OnceUponATimeInTheWest.jpg','images/albumCovers/VA/TheWhiteBuffalo-OnceUponATimeInTheWest.jpg','Once Upon A Time In The West','onceuponatimeinthewest',2012,20,'\0',1),(74,'images/albumCovers/VA/HiRes/TheWhiteBuffalo-ShadowsGreysAndEvilWays.jpg','images/albumCovers/VA/TheWhiteBuffalo-ShadowsGreysAndEvilWays.jpg','Shadows, Greys And Evil Ways','shadowsgreysandevilways',2013,20,'\0',1),(75,'images/albumCovers/VA/HiRes/TheWhiteBuffalo-LoveAndTheDeathOfDamnation.jpg','images/albumCovers/VA/TheWhiteBuffalo-LoveAndTheDeathOfDamnation.jpg','Love And The Death Of Damnation','loveandthedeathofdamnation',2015,20,'\0',1),(76,'images/albumCovers/VA/HiRes/TheWhiteBuffalo-DarkestDarksLightestLights.jpg','images/albumCovers/VA/TheWhiteBuffalo-DarkestDarksLightestLights.jpg','Darkest Darks, Lightest Lights','darkestdarkslightestlights',2017,20,'\0',1),(77,'images/albumCovers/VA/HiRes/FirstAidKit-DrunkenTrees.jpg','images/albumCovers/VA/FirstAidKit-DrunkenTrees.jpg','Drunken Trees','drunkentrees',2008,21,'\0',11),(78,'images/albumCovers/VA/HiRes/FirstAidKit-The BigBlackAndTheBlue.jpg','images/albumCovers/VA/FirstAidKit-The BigBlackAndTheBlue.jpg','The Big Black And The Blue','thebigblackandtheblue',2010,21,'\0',11),(79,'images/albumCovers/VA/HiRes/FirstAidKit-TheLionsRoar.jpg','images/albumCovers/VA/FirstAidKit-TheLionsRoar.jpg','The Lion\'s Roar','thelionsroar',2012,21,'\0',11),(80,'images/albumCovers/VA/HiRes/FirstAidKit-StayGold.jpg','images/albumCovers/VA/FirstAidKit-StayGold.jpg','Stay Gold','staygold',2014,21,'\0',11),(81,'images/albumCovers/VA/HiRes/ThePaddingtons-FirstComesFirst.jpg','images/albumCovers/VA/ThePaddingtons-FirstComesFirst.jpg','First Comes First','firstcomesfirst',2005,17,'\0',10),(82,'images/albumCovers/VA/HiRes/ThePaddingtons-NoMundaneOptions.jpg','images/albumCovers/VA/ThePaddingtons-NoMundaneOptions.jpg','No Mundane Options','nomundaneoptions',2008,17,'\0',10),(83,'images/albumCovers/VA/HiRes/TheBeGoodTanyas-BlueHorse.jpg','images/albumCovers/VA/TheBeGoodTanyas-BlueHorse.jpg','Blue Horse','bluehorse',2000,22,'\0',11),(84,'images/albumCovers/VA/HiRes/TheBeGoodTanyas-Chinatown.jpg','images/albumCovers/VA/TheBeGoodTanyas-Chinatown.jpg','Chinatown','chinatown',2003,22,'\0',11),(85,'images/albumCovers/VA/HiRes/TheBeGoodTanyas-HelloLove.jpg','images/albumCovers/VA/TheBeGoodTanyas-HelloLove.jpg','Hello Love','hellowlove',2006,22,'\0',11),(86,'images/albumCovers/VA/HiRes/TheLibertines-UpTheBracket.jpg','images/albumCovers/VA/TheLibertines-UpTheBracket.jpg','Up The Bracket','upthebracket',2002,16,'\0',10),(87,'images/albumCovers/VA/HiRes/TheLibertines-TheLibertines.jpg','images/albumCovers/VA/TheLibertines-TheLibertines.jpg','The Libertines','thelibertines',2004,16,'\0',10),(88,'images/albumCovers/VA/HiRes/TheLibertines-AnthemsForDoomedYouth.jpg','images/albumCovers/VA/TheLibertines-AnthemsForDoomedYouth.jpg','Anthems For Doomed Youth','anthemsfordoomedyouth',2015,16,'\0',10),(89,'images/albumCovers/VA/HiRes/TheReverendPeytonsBigDamnBand-BigDamnNation.jpg','images/albumCovers/VA/TheReverendPeytonsBigDamnBand-BigDamnNation.jpg','Big Damn Nation','bigdamnnation',2006,23,'\0',12),(90,'images/albumCovers/VA/HiRes/TheReverendPeytonsBigDamnBand-TheGospelAlbum.jpg','images/albumCovers/VA/TheReverendPeytonsBigDamnBand-TheGospelAlbum.jpg','The Gospel Album','thegospelalbum',2007,23,'\0',12),(91,'images/albumCovers/VA/HiRes/TheReverendPeytonsBigDamnBand-TheWholeFamDamnily.jpg','images/albumCovers/VA/TheReverendPeytonsBigDamnBand-TheWholeFamDamnily.jpg','The Whole Fam Damnily','thewholefamdamnily',2008,23,'\0',12),(92,'images/albumCovers/VA/HiRes/TheReverendPeytonsBigDamnBand-TheWages.jpg','images/albumCovers/VA/TheReverendPeytonsBigDamnBand-TheWages.jpg','The Wages','thewages',2010,23,'\0',12),(93,'images/albumCovers/VA/HiRes/TheReverendPeytonsBigDamnBand-PeytonOnPatton.jpg','images/albumCovers/VA/TheReverendPeytonsBigDamnBand-PeytonOnPatton.jpg','Peyton On Patton','peytononpatton',2011,23,'\0',12),(94,'images/albumCovers/VA/HiRes/TheReverendPeytonsBigDamnBand-BetweenTheDitches.jpg','images/albumCovers/VA/TheReverendPeytonsBigDamnBand-BetweenTheDitches.jpg','Between The Ditches','betweentheditches',2012,23,'\0',12),(95,'images/albumCovers/VA/HiRes/TheReverendPeytonsBigDamnBand-SoDelicious.jpg','images/albumCovers/VA/TheReverendPeytonsBigDamnBand-SoDelicious.jpg','So Delicious','sodelicious',2015,23,'\0',12),(96,'images/albumCovers/VA/HiRes/TheReverendPeytonsBigDamnBand-FrontPorchSessions.jpg','images/albumCovers/VA/TheReverendPeytonsBigDamnBand-FrontPorchSessions.jpg','Front Porch Sessions','frontporchsessions',2017,23,'\0',12);
/*!40000 ALTER TABLE `album` ENABLE KEYS */;
UNLOCK TABLES;

--
-- Table structure for table `band`
--

DROP TABLE IF EXISTS `band`;
/*!40101 SET @saved_cs_client     = @@character_set_client */;
/*!40101 SET character_set_client = utf8 */;
CREATE TABLE `band` (
  `band_id` int(11) NOT NULL AUTO_INCREMENT,
  `band_name` varchar(255) DEFAULT NULL,
  `origin` varchar(255) DEFAULT NULL,
  `website` varchar(255) DEFAULT NULL,
  `band_name_lower` varchar(255) DEFAULT NULL,
  PRIMARY KEY (`band_id`)
) ENGINE=InnoDB AUTO_INCREMENT=24 DEFAULT CHARSET=utf8;
/*!40101 SET character_set_client = @saved_cs_client */;

--
-- Dumping data for table `band`
--

LOCK TABLES `band` WRITE;
/*!40000 ALTER TABLE `band` DISABLE KEYS */;
INSERT INTO `band` VALUES (1,'Black Rebel Motorcycle Club','San Francisco, California, U.S.','http://www.blackrebelmotorcycleclub.com/','brmc'),(2,'Spacemen 3','Rugby, Warwickshire, U.K.','https://en.wikipedia.org/wiki/Spacemen_3/','spacemen3'),(3,'Pink Floyd','London, U.K.','http://www.pinkfloyd.com/','pinkfloyd'),(4,'Ramones','Forest Hills, Queens, New York, U.S.','https://www.ramones.com/','ramones'),(5,'The Clash','London, U.K.','http://www.theclash.com/gb/home','theclash'),(6,'The Jam','Woking, Surrey, U.K.','https://en.wikipedia.org/wiki/The_Jam','thejam'),(7,'The Velvet Underground','New York City, New York, U.S.','http://www.velvetundergroundmusic.com/','thevelvetunderground'),(8,'Blitzen Trapper','Portland, Oregon, U.S.','http://www.blitzentrapper.net/','blitzentrapper'),(9,'The Doors','Los Angeles, California, U.S.','https://www.thedoors.com/','thedoors'),(10,'Turin Brakes','Balham, London, U.K.','http://turinbrakes.com/','turinbrakes'),(11,'AC/DC','Sydney, New South Wales, Australia','http://www.acdc.com/','acdc'),(12,'Spiritualized','Rugby, England, U.K.','http://www.spiritualized.com/','spiritualized'),(13,'Arcade Fire','Montreal, Quebec, Canada','http://arcadefire.com/','arcadefire'),(14,'The Answer','Downpatrick and Newcastle, N.I.','http://www.theanswer.ie/','theanswer'),(15,'Creedence Clearwater Revival','El Cerrito, California, U.S.','http://creedence-online.net/','creedenceclearwaterrevival'),(16,'The Libertines',' London, England, U.K.','http://thelibertines.com/','thelibertines'),(17,'The Paddingtons','Hull, U.K.','http://thepaddingtons.net/','thepaddingtons'),(18,'The White Stripes','Detroit, Michigan, U.S.','http://whitestripes.com/','thewhitestripes'),(19,'Simon and Garfunkel','Forest Hills, Queens, New York City, U.S.','http://simonandgarfunkel.com/','simonandgarfunkel'),(20,'The White Buffalo','Los Angeles, California, U.S','http://thewhitebuffalo.com/','thewhitebuffalo'),(21,'First Aid Kit','Stockholm, Sweden','http://firstaidkitband.com/','firstaidkit'),(22,'The Be Good Tanyas','Vancouver, British Columbia, Canada','http://www.begoodtanyas.com/','thebegoodtanyas'),(23,'The Reverend Peyton\'s Big Damn Band','Brown County, Indiana, U.S.','http://www.bigdamnband.com/','thereverendpeytonsbigdamnband');
/*!40000 ALTER TABLE `band` ENABLE KEYS */;
UNLOCK TABLES;

--
-- Table structure for table `genre`
--

DROP TABLE IF EXISTS `genre`;
/*!40101 SET @saved_cs_client     = @@character_set_client */;
/*!40101 SET character_set_client = utf8 */;
CREATE TABLE `genre` (
  `genre_id` int(11) NOT NULL AUTO_INCREMENT,
  `genre_name` varchar(255) DEFAULT NULL,
  `genre_name_lower` varchar(255) DEFAULT NULL,
  PRIMARY KEY (`genre_id`)
) ENGINE=InnoDB AUTO_INCREMENT=13 DEFAULT CHARSET=utf8;
/*!40101 SET character_set_client = @saved_cs_client */;

--
-- Dumping data for table `genre`
--

LOCK TABLES `genre` WRITE;
/*!40000 ALTER TABLE `genre` DISABLE KEYS */;
INSERT INTO `genre` VALUES (1,'Country Rock','countryrock'),(2,'Experimental Rock','experimentalrock'),(3,'Folk Rock','folkrock'),(4,'Garage Rock','garagerock'),(5,'Hard Rock','hardrock'),(6,'Indie Rock','indierock'),(7,'Progressive Rock','progressiverock'),(8,'Psychedelic Rock','psychedelicrock'),(9,'Punk','punk'),(10,'Punk Rock','punkrock'),(11,'Folk','folk'),(12,'Blues Folk Rock','bluesfolkrock');
/*!40000 ALTER TABLE `genre` ENABLE KEYS */;
UNLOCK TABLES;

--
-- Table structure for table `song`
--

DROP TABLE IF EXISTS `song`;
/*!40101 SET @saved_cs_client     = @@character_set_client */;
/*!40101 SET character_set_client = utf8 */;
CREATE TABLE `song` (
  `song_id` int(11) NOT NULL AUTO_INCREMENT,
  `track_length` varchar(255) DEFAULT NULL,
  `track_num` int(11) DEFAULT NULL,
  `track_title` varchar(255) DEFAULT NULL,
  `album_album_id` int(11) NOT NULL,
  PRIMARY KEY (`song_id`),
  KEY `FK93atg30ceym4n8fx01gijxtly` (`album_album_id`),
  CONSTRAINT `FK93atg30ceym4n8fx01gijxtly` FOREIGN KEY (`album_album_id`) REFERENCES `album` (`album_id`)
) ENGINE=InnoDB AUTO_INCREMENT=1357 DEFAULT CHARSET=utf8;
/*!40101 SET character_set_client = @saved_cs_client */;

--
-- Dumping data for table `song`
--

LOCK TABLES `song` WRITE;
/*!40000 ALTER TABLE `song` DISABLE KEYS */;
INSERT INTO `song` VALUES (1,'03:40',1,'Love Burns',1),(2,'04:56',2,'Too Real',1),(3,'04:03',3,'Red Eyes And Tears',1),(4,'03:58',4,'Us Government',1),(5,'05:54',5,'Evol',1),(6,'05:12',6,'Suddenly',1),(7,'04:45',7,'Screaming Gun',1),(8,'03:35',8,'At My Door',1),(9,'04:55',9,'White Palms',1),(10,'05:30',10,'Rifles',1),(11,'03:16',11,'Down Here',1),(12,'04:19',12,'Fail-Safe',1),(13,'13:48',13,'Salvation',1),(14,'04:05',1,'Love Burns',2),(15,'04:00',2,'Red Eyes And Tears',2),(16,'04:38',3,'Whatever Happened To My Rock \'n\' Roll (Punk Song)',2),(17,'06:12',4,'Awake',2),(18,'04:55',5,'White Palms',2),(19,'05:52',6,'As Sure As The Sun',2),(20,'07:04',7,'Rifles',2),(21,'04:55',8,'Too Real',2),(22,'03:45',9,'Spread Your Love',2),(23,'05:35',10,'Head Up High',2),(24,'06:06',11,'Salvation',2),(25,'04:37',1,'Stop',3),(26,'03:05',2,'Six Barrel Shotgun',3),(27,'03:38',3,'We\'re All In Love',3),(28,'05:22',4,'In Like The Rose',3),(29,'04:13',5,'Ha Ha High Babe',3),(30,'05:01',6,'Generation',3),(31,'04:22',7,'Shade Of Blue',3),(32,'05:31',8,'US Government',3),(33,'03:52',9,'Suddenly',3),(34,'04:56',10,'Rise Or Fall',3),(35,'03:56',11,'Going Under',3),(36,'07:15',12,'Heart + Soul',3),(37,'02:54',1,'Shuffle Your Feet',4),(38,'04:21',2,'Howl',4),(39,'03:50',3,'Devil\'s Waitin',4),(40,'02:36',4,'Ain\'t No Easy Way',4),(41,'04:24',5,'Still Suspicion Holds You Tight',4),(42,'02:57',6,'Fault Line',4),(43,'04:46',7,'Promise',4),(44,'03:41',8,'Weight Of The World',4),(45,'03:12',9,'Restless Sinner',4),(46,'04:31',10,'Gospel Song',4),(47,'02:36',11,'Complicated Situation',4),(48,'04:17',12,'Sympathetic Noise',4),(49,'04:55',13,'The Line',4),(50,'03:04',14,'Open Invitation',4),(51,'04:16',1,'Took Out A Loan',5),(52,'03:11',2,'Berlin',5),(53,'02:50',3,'Weapon Of Choice',5),(54,'06:06',4,'Windows',5),(55,'04:18',5,'Cold Wind',5),(56,'03:43',6,'Not What You Wanted',5),(57,'04:01',7,'666 Conducer',5),(58,'05:42',8,'All You Do Is Talk',5),(59,'04:36',9,'Lien On Your Dreams',5),(60,'04:04',10,'Need Some Air',5),(61,'03:55',11,'Killing The Light',5),(62,'09:11',12,'American X',5),(63,'04:26',13,'Am I Only',5),(64,'03:33',1,'The Effects Of 333',6),(65,'05:11',2,'Still No Answer',6),(66,'05:41',3,'I Know You\'re In There',6),(67,'05:55',4,'And With This Comes',6),(68,'05:01',5,'A Sad State',6),(69,'04:07',6,'A Twisted State',6),(70,'06:37',7,'Sedated With Sterilized Tounges',6),(71,'07:19',8,'We\'re Not Welcome Alone',6),(72,'04:38',9,'Or Needed',6),(73,'07:00',10,'And When Was Better',6),(74,'03:48',1,'Beat The Devil\'s Tattoo',7),(75,'03:47',2,'Conscience Killer',7),(76,'05:11',3,'Bad Blood',7),(77,'03:59',4,'War Machine',7),(78,'03:27',5,'Sweet Feeling',7),(79,'05:54',6,'Evol',7),(80,'04:46',7,'Mama Taught Me Better',7),(81,'03:56',8,'River Styx',7),(82,'03:39',9,'The Toll',7),(83,'05:39',10,'Aya',7),(84,'06:12',11,'Shadow\'s Keeper',7),(85,'04:35',12,'Long Way Down',7),(86,'10:20',13,'Half-State',7),(87,'06:23',1,'Fire Walker',8),(88,'04:06',2,'Let The Day Begin',8),(89,'05:34',3,'Returning',8),(90,'04:36',4,'Lullaby',8),(91,'03:50',5,'Hate The Taste',8),(92,'03:37',6,'Rival',8),(93,'03:22',7,'Teenage Disease',8),(94,'03:51',8,'Some Kind Of Ghost',8),(95,'03:20',9,'Sometimes The Light',8),(96,'04:38',10,'Funny Games',8),(97,'06:46',11,'Sell It',8),(98,'08:39',12,'Lose Yourself',8),(99,'00:00',1,'DFF',9),(100,'00:00',2,'Spook',9),(101,'03:56',3,'King Of Bones',9),(102,'05:50',4,'Haunt',9),(103,'00:00',5,'Echo',9),(104,'00:00',6,'Ninth Configuration',9),(105,'05:19',7,'Question Of Faith',9),(106,'00:00',8,'Calling Them All Away',9),(107,'03:19',9,'Little Thing Gone Wild',9),(108,'00:00',10,'Circus Bazooko',9),(109,'00:00',11,'Carried From The Start',9),(110,'00:00',12,'All Rise',9),(111,'02:31',1,'Intro',10),(112,'03:40',2,'Berlin',10),(113,'02:52',3,'Weapon Of Choice',10),(114,'03:55',4,'Rise Or Fall',10),(115,'06:08',5,'666 Conducer',10),(116,'03:59',6,'Ain\'t No Easy Way',10),(117,'04:16',7,'Weight Of The World',10),(118,'04:53',8,'Stop',10),(119,'05:38',9,'All You Do Is Talk',10),(120,'04:13',10,'Red Eyes And Tears',10),(121,'06:18',11,'As Sure As The Sun',10),(122,'09:37',12,'American X',10),(123,'04:05',13,'Spread Your Love',10),(124,'03:25',14,'Love Burns',10),(125,'05:51',15,'Mercy',10),(126,'03:09',16,'Dirty Old Town',10),(127,'07:13',17,'Promise',10),(128,'06:18',18,'Six Barrel Shotgun',10),(129,'05:00',19,'Whatever Happened To My Rock \'n\' Roll (Punk Song)',10),(130,'03:50',20,'Fault Line',10),(131,'06:33',21,'Took Out A Loan',10),(132,'07:29',22,'The Show Is About To Begin',10),(133,'10:43',23,'Heart And Soul',10),(134,'04:35',23,'I Am Only',10),(135,'01:06',1,'Intro',11),(136,'04:01',2,'War Machine',11),(137,'04:26',3,'Mama Taught Me Better',11),(138,'07:08',4,'Red Eyes And Tears',11),(139,'05:41',5,'Bad Blood',11),(140,'05:07',6,'Beat The Devil\'s Tattoo',11),(141,'04:36',7,'Shade Of Blue',11),(142,'04:05',8,'Ain\'t No Easy Way',11),(143,'05:29',9,'Aya',11),(144,'03:38',10,'Berlin',11),(145,'03:52',11,'Weapon Of Choice',11),(146,'04:21',12,'Annabel Lee',11),(147,'07:02',13,'Awake',11),(148,'06:31',14,'Whatever Happened To My Rock \'n\' Roll (Punk Song)',11),(149,'03:45',15,'Conscience Killer',11),(150,'05:58',16,'Six Barrel Shotgun',11),(151,'04:31',17,'Spread Your Love',11),(152,'03:42',18,'Shuffle Your Feet',11),(153,'08:08',19,'Shadow\'s Keeper',11),(154,'10:02',20,'Open Invitation',11),(155,'06:36',1,'Fire Walker',12),(156,'04:56',2,'Let The Day Begin',12),(157,'06:07',3,'Returning',12),(158,'06:19',4,'Lullaby',12),(159,'04:18',5,'Hate The Taste',12),(160,'04:07',6,'Rival',12),(161,'04:27',7,'Teenage Disease',12),(162,'04:47',8,'Some Kind Of Ghost',12),(163,'03:17',9,'Sometimes The Light',12),(164,'05:28',10,'Funny Games',12),(165,'03:20',11,'Sell It',12),(166,'08:11',12,'Lose Yourself',12),(167,'05:48',13,'Beat The Devil\'s Tattoo',12),(168,'03:20',14,'Ain\'t No Easy Way',12),(169,'03:22',15,'Berlin',12),(170,'04:29',16,'Conscience Killer',12),(171,'05:25',17,'Screaming Gun',12),(172,'05:11',18,'Rifles',12),(173,'04:59',19,'Stop',12),(174,'06:35',20,'White Palms',12),(175,'07:59',21,'Spread Your Love',12),(176,'06:22',22,'Mercy',12),(177,'02:44',23,'Shuffle Your Feet',12),(178,'06:39',24,'Whatever Happened To My Rock \'n\' Roll (Punk Song)',12),(179,'03:45',1,'Failsafe',13),(180,'03:13',2,'Down Here',13),(181,'03:33',3,'At My Door',13),(182,'04:44',4,'Screaming Gun',13),(183,'05:10',5,'T.V. Loop (Deep Down)',13),(184,'05:29',1,'Take Them On, On Your Own',14),(185,'04:16',2,'I Told You',14),(186,'03:19',3,'Going Under',14),(187,'04:19',4,'Ha Ha High Babe',14),(188,'03:35',5,'Tonights With You',14),(189,'03:59',5,'For Murder',14),(190,'03:53',5,'Waiting Here',14),(191,'03:24',5,'The Weight Is More',14),(192,'05:28',5,'In Like the Rose',14),(193,'13:40',5,'Abstract Dragon',14),(194,'03:56',5,'And Im Aching',14),(195,'03:06',5,'Pretend',14),(196,'03:44',1,'Grind My Bones',15),(197,'04:34',2,'Mercy',15),(198,'02:13',3,'Wishing Well',15),(199,'02:39',4,'Steal A Ride',15),(200,'03:04',5,'Feel It Now',15),(201,'03:03',6,'Pretend',15),(202,'05:11',1,'The Likes Of You',16),(203,'05:01',2,'Vision',16),(204,'05:02',3,'The Shows About To Begin',16),(205,'04:25',4,'MK Ultra',16),(206,'03:12',5,'Whenever Youre Ready',16),(207,'05:04',6,'20 Hours',16),(208,'04:01',7,'Last Chance For Love',16),(209,'05:30',1,'Losing Touch With My Mind',17),(210,'04:47',2,'Hey Man',17),(211,'07:40',3,'Rollercoaster',17),(212,'04:05',4,'Mary Anne',17),(213,'05:24',5,'Little Doll',17),(214,'03:10',6,'2.35',17),(215,'08:57',7,'O.D. Catastrophe',17),(216,'04:28',1,'Take Me To The Other Side',18),(217,'03:43',2,'Walkin With Jesus',18),(218,'04:01',3,'Ode To Street Hassle',18),(219,'01:54',4,'Ecstasy Symphony',18),(220,'09:03',5,'Transparent Radiation (Flashback)',18),(221,'05:16',6,'Feel So Good',18),(222,'06:05',7,'Thingsll Never Be The Same',18),(223,'06:46',8,'Come Down Easy',18),(224,'03:52',9,'Call The Doctor',18),(225,'03:01',1,'Honey',19),(226,'03:46',2,'Come Down Softly To My Soul',19),(227,'07:58',3,'How Does It Feel?',19),(228,'03:19',4,'I Believe It',19),(229,'05:57',5,'Revolution',19),(230,'04:29',6,'Let Me Down Gently',19),(231,'02:38',7,'So Hot (Wash Away All Of My Tears)',19),(232,'11:03',8,'Suicide',19),(233,'04:33',9,'Lord Can You Hear Me?',19),(234,'12:26',10,'Suicide (Live)',19),(235,'05:28',11,'Repeater (How Does It Feel?)',19),(236,'05:45',1,'Rollercoaster',20),(237,'04:05',2,'Mary Anne',20),(238,'02:37',3,'Bo Diddley Jam',20),(239,'03:33',4,'02:35',20),(240,'04:33',5,'Walkin With Jesus',20),(241,'04:09',6,'I Believe It',20),(242,'03:22',7,'Lord Can You Hear Me?',20),(243,'05:35',8,'Thingsll Never Be The Same',20),(244,'03:50',9,'Starship',20),(245,'06:36',10,'Revolution',20),(246,'15:52',11,'Suicide',20),(247,'05:00',12,'Take Me To The Other Side',20),(248,'16:00',13,'Suicide (Version 2)',20),(249,'10:51',1,'Big City (Everybody I Know Can Be Found Here)',21),(250,'03:19',2,'Just To See You Smile (Orchestral Mix)',21),(251,'05:32',3,'I Love You',21),(252,'05:11',4,'Set Me Free / Ive Got The Key',21),(253,'01:50',5,'Set Me Free (Reprise)',21),(254,'06:37',6,'Why Couldnt I See',21),(255,'03:19',7,'Just To See You Smile (Instrumental)',21),(256,'04:26',8,'When Tomorrow Hits',21),(257,'02:46',9,'Feel So Sad (Reprise)',21),(258,'05:57',10,'Hypnotized',21),(259,'00:36',11,'Sometimes',21),(260,'04:33',12,'Feelin Just Fine (Head Full Of Shit)',21),(261,'07:33',13,'Billy Whizz / Blue1',21),(262,'05:34',14,'Drive / Feel So Sad',21),(263,'04:30',15,'Feelin Just Fine (Alternative Mix)',21),(264,'44:20',1,'An Evening Of Contemporary Sitar Music',22),(265,'08:15',2,'Ecstasy Live Intro Theme',22),(266,'09:26',3,'Ecstasy In Slow Motion',22),(267,'15:42',4,'Spacemen Jam',22),(268,'04:12',1,'Astronomy Domine',23),(269,'03:07',2,'Lucifer Sam',23),(270,'03:07',3,'Matilda Mother',23),(271,'02:45',4,'Flaming',23),(272,'04:26',5,'Pow R. Toc H.',23),(273,'03:06',6,'Take Up Thy Stethoscope And Walk',23),(274,'09:41',7,'Interstellar Overdrive',23),(275,'02:13',8,'The Gnome',23),(276,'03:41',9,'Chapter 24',23),(277,'02:10',10,'Scarecrow',23),(278,'03:22',11,'Bike',23),(279,'05:38',1,'Let There Be More Light',24),(280,'04:33',2,'Remember A Day',24),(281,'05:27',3,'Set The Controls For The Heart Of The Sun',24),(282,'04:12',4,'Corporal Clegg',24),(283,'11:59',5,'A Saucerful Of Secrets',24),(284,'04:36',6,'See-Saw',24),(285,'03:00',7,'Jugband Blues',24),(286,'05:15',1,'Cirrus Minor',25),(287,'03:25',2,'The Nile Song',25),(288,'03:34',3,'Crying Song',25),(289,'02:13',4,'Up The Khyber',25),(290,'02:58',5,'Green Is The Colour',25),(291,'04:49',6,'Cymbaline',25),(292,'01:10',7,'Party Sequence',25),(293,'05:31',8,'Main Theme',25),(294,'03:16',9,'Ibiza Bar',25),(295,'02:12',10,'More Blues',25),(296,'07:10',11,'Quicksilver',25),(297,'01:05',12,'A Spanish Piece',25),(298,'02:16',13,'Dramatic Theme',25),(299,'08:32',1,'Astronomy Domine (live)',26),(300,'08:49',2,'Careful With That Axe Eugene (live)',26),(301,'09:27',3,'Set The Controls For The Heart Of The Sun (live)',26),(302,'12:51',4,'A Saucerful Of Secrets (live)',26),(303,'01:09',5,'Sysyphus Part 1',26),(304,'03:30',6,'Sysyphus Part 2',26),(305,'01:49',7,'Sysyphus Part 3',26),(306,'06:59',8,'Sysyphus Part 4',26),(307,'07:27',9,'Grantchester Meadows',26),(308,'04:58',10,'Several Species Of Small Furry Animals Gathered Together....',26),(309,'03:28',11,'The Narrow Way Part 1',26),(310,'02:53',12,'The Narrow Way Part 2',26),(311,'05:57',13,'The Narrow Way Part 3',26),(312,'00:59',14,'The Grand Viziers Garden Party Part 1 (Entrance)',26),(313,'07:06',15,'The Grand Viziers Garden Party Part 2 (Entertainment)',26),(314,'00:42',16,'The Grand Viziers Garden Party Part 3 (Exit)',26),(315,'23:42',1,'Atom Heart Mother',27),(316,'04:30',2,'If',27),(317,'05:29',3,'Summer 68',27),(318,'05:23',4,'Fat Old Sun',27),(319,'13:01',5,'Alans Psychedelic Breakfast',27),(320,'05:50',1,'One Of These Days',28),(321,'05:10',2,'A Pillow Of Winds',28),(322,'06:03',3,'Fearless',28),(323,'03:42',4,'San Tropez',28),(324,'02:09',5,'Seamus',28),(325,'23:31',6,'Echoes',28),(326,'03:04',1,'Obscured By Clouds',29),(327,'02:27',2,'When Youre In',29),(328,'03:28',3,'Burning Bridges',29),(329,'03:06',4,'The Gold Its In The...',29),(330,'05:08',5,'Mudmen',29),(331,'04:19',6,'Wots... Uh The Deal',29),(332,'04:34',7,'Childhoods End',29),(333,'04:15',8,'Free Four',29),(334,'04:06',9,'Stay',29),(335,'05:51',10,'Absolutely Curtains',29),(336,'01:30',1,'Speak To Me',30),(337,'02:43',2,'Breathe (In The Air)',30),(338,'03:30',3,'On The Run',30),(339,'06:53',4,'Time',30),(340,'04:15',5,'The Great Gig In The Sky',30),(341,'06:30',6,'Money',30),(342,'07:51',7,'Us And Them',30),(343,'03:24',8,'Any Colour You Like',30),(344,'03:50',9,'Brain Damage',30),(345,'01:45',10,'Eclipse',30),(346,'13:40',1,'Shine On You Crazy Diamond Parts 1-5',31),(347,'07:31',2,'Welcome To The Machine',31),(348,'05:08',3,'Have A Cigar',31),(349,'05:34',4,'Wish You Were Here',31),(350,'12:31',5,'Shine On You Crazy Diamond Parts 6-9',31),(351,'01:24',1,'Pigs On The Wing Part 1',32),(352,'17:01',2,'Dogs',32),(353,'11:20',3,'Pigs (Three Different Ones)',32),(354,'10:22',4,'Sheep',32),(355,'01:24',5,'Pigs On The Wing Part 2',32),(356,'03:22',1,'In The Flesh',33),(357,'02:25',2,'The Thin Ice',33),(358,'03:46',3,'Another Brick In The Wall Part 1',33),(359,'01:21',4,'The Happiest Days Of Our Lives',33),(360,'04:00',5,'Another Brick In The Wall Part 2',33),(361,'06:00',6,'Mother',33),(362,'02:53',7,'Goodbye Blue Sky',33),(363,'02:04',8,'Empty Spaces',33),(364,'03:29',9,'Young Lust',33),(365,'03:37',10,'One Of My Turns',33),(366,'04:16',11,'Dont Leave Me Now',33),(367,'01:43',12,'Another Brick In The Wall Part 3',33),(368,'00:45',13,'Goodbye Cruel World',33),(369,'04:44',14,'Hey You',33),(370,'02:48',15,'Is There Anybody Out There?',33),(371,'03:37',16,'Nobody Home',33),(372,'01:22',17,'Vera',33),(373,'01:17',18,'Bring The Boys Back Home',33),(374,'06:20',19,'Comfortably Numb',33),(375,'01:37',20,'The Show Must Go On',33),(376,'04:15',21,'In The Flesh',33),(377,'04:23',22,'Run Like Hell',33),(378,'03:56',23,'Waiting For The Worms',33),(379,'00:33',24,'Stop',33),(380,'05:18',25,'The Trial',33),(381,'01:43',26,'Outside The Wall',33),(382,'03:02',1,'The Post War Dream',34),(383,'04:22',2,'Your Possible Pasts',34),(384,'01:23',3,'When The Tigers Broke Free',34),(385,'02:56',4,'The Heros Return',34),(386,'05:07',5,'The Gunners Dream',34),(387,'03:40',6,'Paranoid Eyes',34),(388,'01:19',7,'Get Your Filthy Hands Off My Desert',34),(389,'04:11',8,'The Fletcher Memorial Home',34),(390,'02:13',9,'Southampton Dock',34),(391,'04:46',10,'The Final Cut',34),(392,'05:01',11,'Not Now John',34),(393,'05:14',12,'Two Suns In The Sunset',34),(394,'04:24',1,'Signs Of Life',35),(395,'04:53',2,'Learning To Fly',35),(396,'06:05',3,'The Dogs Of War',35),(397,'05:10',4,'One Slip',35),(398,'05:42',5,'On The Turning Away',35),(399,'06:13',6,'Yet Another Movie',35),(400,'01:13',7,'Round And Around',35),(401,'01:46',8,'A New Machine Part 1',35),(402,'06:17',9,'Terminal Frost',35),(403,'00:38',10,'A New Machine Part 2',35),(404,'08:46',11,'Sorrow',35),(405,'11:54',1,'Shine On You Crazy Diamond',36),(406,'05:27',2,'Learning To Fly',36),(407,'06:21',3,'Yet Another Movie',36),(408,'00:33',4,'Round And Around',36),(409,'09:28',5,'Sorrow',36),(410,'07:19',6,'The Dogs Of War',36),(411,'07:57',7,'On The Turning Away',36),(412,'06:16',8,'One Of These Days',36),(413,'05:16',9,'Time',36),(414,'04:49',10,'Wish You Were Here',36),(415,'07:22',11,'Us And Them',36),(416,'09:52',12,'Money',36),(417,'05:29',13,'Another Brick In The Wall Part 2',36),(418,'08:56',14,'Comfortably Numb',36),(419,'07:12',15,'Run Like Hell',36),(420,'05:58',1,'Cluster One',37),(421,'04:21',2,'What Do You Want From Me',37),(422,'07:04',3,'Poles Apart',37),(423,'05:28',4,'Marooned',37),(424,'04:18',5,'A Great Day For Freedom',37),(425,'06:48',6,'Wearing The Inside Out',37),(426,'06:12',7,'Take It Back',37),(427,'06:19',8,'Coming Back To Life',37),(428,'06:11',9,'Keep Talking',37),(429,'05:14',10,'Lost For Words',37),(430,'07:58',11,'High Hopes',37),(431,'13:35',1,'Shine On You Crazy Diamond',38),(432,'04:20',2,'Astronomy Domine',38),(433,'04:09',3,'What Do You Want From Me',38),(434,'05:15',4,'Learning To Fly',38),(435,'06:52',5,'Keep Talking',38),(436,'06:56',6,'Coming Back To Life',38),(437,'04:39',7,'Hey You',38),(438,'04:30',8,'A Great Day For Freedom',38),(439,'10:49',9,'Sorrow',38),(440,'07:52',10,'High Hopes',38),(441,'07:07',11,'Another Brick In The Wall Part 2',38),(442,'02:30',12,'Speak To Me',38),(443,'02:33',13,'Breathe (In The Air)',38),(444,'03:47',14,'On The Run',38),(445,'06:46',15,'Time',38),(446,'05:52',16,'The Great Gig In The Sky',38),(447,'08:54',17,'Money',38),(448,'06:57',18,'Us And Them',38),(449,'03:21',19,'Any Colour You Like',38),(450,'03:45',20,'Brain Damage',38),(451,'02:37',21,'Eclipse',38),(452,'06:35',22,'Wish You Were Here',38),(453,'09:29',23,'Comfortably Numb',38),(454,'08:36',24,'Run Like Hell',38),(455,'01:14',1,'Master Of Ceremonies',39),(456,'03:00',2,'In The Flesh?',39),(457,'02:50',3,'The Thin Ice',39),(458,'04:13',4,'Another Brick In The Wall (Part 1)',39),(459,'04:13',5,'The Happiest Days Of Our Lives',39),(460,'06:19',6,'Another Brick In The Wall (Part 2)',39),(461,'07:54',7,'Mother',39),(462,'03:15',8,'Goodbye Blue Sky',39),(463,'02:15',9,'Empty Spaces',39),(464,'01:41',10,'What Shall We Do Now?',39),(465,'05:17',11,'Young Lust',39),(466,'03:41',12,'One Of My Turns',39),(467,'04:08',13,'Dont Leave Me Now',39),(468,'01:15',14,'Another Brick In The Wall (Part 3)',39),(469,'03:26',15,'The Last Few Bricks',39),(470,'01:41',16,'Goodbye Cruel World',39),(471,'04:55',17,'Hey You',39),(472,'03:09',18,'Is There Anybody Out There?',39),(473,'03:16',19,'Nobody Home',39),(474,'01:20',20,'Vera',39),(475,'01:28',21,'Bring The Boys Back Home',39),(476,'07:26',22,'Comfortably Numb',39),(477,'02:35',23,'The Show Must Go On',39),(478,'00:38',24,'MC: Atmos',39),(479,'04:22',25,'In The Flesh',39),(480,'07:06',26,'Run Like Hell',39),(481,'04:14',27,'Waiting For The Worms',39),(482,'00:33',28,'Stop',39),(483,'06:03',29,'The Trial',39),(484,'01:51',30,'Outside The Wall',39),(485,'04:27',1,'Things Left Unsaid',40),(486,'06:17',2,'Its What We Do',40),(487,'01:56',3,'Ebb and Flow',40),(488,'04:48',4,'Sum',40),(489,'02:37',5,'Skins',40),(490,'01:07',6,'Unsung',40),(491,'03:17',7,'Anisina',40),(492,'01:43',8,'The Lost Art of Conversation',40),(493,'01:42',9,'On Noodle Street',40),(494,'00:42',10,'Night Light',40),(495,'01:57',11,'Allons-y (1)',40),(496,'01:35',12,'Autumn 68',40),(497,'01:32',13,'Allons-y (2)',40),(498,'03:30',14,'Talkin Hawkin',40),(499,'03:38',15,'Calling',40),(500,'01:51',16,'Eyes to Pearls',40),(501,'02:46',17,'Surfacing',40),(502,'06:37',18,'Louder Than Words',40),(503,'01:57',1,'Rockaway Beach',41),(504,'01:54',2,'Teenage Lobotomy',41),(505,'01:56',3,'Blitzkrieg Bop',41),(506,'02:20',4,'I Wanna Be Well',41),(507,'01:49',5,'Glad To See You Go',41),(508,'01:34',6,'Gimme Gimme Shock Treatment',41),(509,'02:24',7,'Youre Gonna Kill That Girl',41),(510,'01:36',8,'I Don\'t Care',41),(511,'02:15',9,'Sheena Is A Punk Rocker',41),(512,'01:34',10,'Havana Affair',41),(513,'01:35',11,'Commando',41),(514,'02:40',12,'Here Today, Gone Tomorrow',41),(515,'02:19',13,'Surfin\' Bird',41),(516,'01:42',14,'Cretin Hop',41),(517,'01:40',15,'Listen To My Heart',41),(518,'01:45',16,'California Sun',41),(519,'01:35',17,'I Dont Wanna Walk Around With You',41),(520,'02:16',18,'Pinhead',41),(521,'01:40',19,'Do You Wanna Dance?',41),(522,'01:25',20,'Chainsaw',41),(523,'02:05',21,'Today Your Love, Tomorrow The World',41),(524,'02:08',22,'Now I Wanna Be A Good Boy',41),(525,'01:14',23,'Judy Is A Punk',41),(526,'01:51',24,'Suzy Is A Headbanger',41),(527,'02:05',25,'Lets Dance',41),(528,'01:40',26,'Oh Oh I Love Her So',41),(529,'01:20',27,'Now I Wanna Sniff Some Glue',41),(530,'02:02',28,'Were A Happy Family',41),(531,'01:11',1,'Kosmo Vinyl Introduction',42),(532,'03:29',2,'London Calling',42),(533,'03:28',3,'Police On My Back',42),(534,'04:08',4,'The Guns Of Brixton',42),(535,'03:19',5,'Tommy Gun',42),(536,'02:34',6,'The Magnificent Seven',42),(537,'02:56',7,'Armagideon Time',42),(538,'02:23',8,'The Magnificent Seven (Return)',42),(539,'03:22',9,'Rock The Casbah',42),(540,'03:46',10,'Train In Vain',42),(541,'02:06',11,'Career Opportunities',42),(542,'03:18',12,'Spanish Bombs',42),(543,'04:27',13,'Clampdown',42),(544,'02:40',14,'English Civil War',42),(545,'02:44',15,'Should I Stay Or Should I Go',42),(546,'03:24',16,'I Fought The Law',42),(547,'04:06',1,'I\'ve Changed My Address',43),(548,'02:33',2,'Carnaby Street',43),(549,'02:49',3,'The Modern World',43),(550,'03:19',4,'Time For Truth',43),(551,'02:56',5,'So Sad About Us',43),(552,'02:38',6,'London Girl',43),(553,'02:06',7,'In The Street Today',43),(554,'02:42',8,'Standards',43),(555,'02:51',9,'All Around The world',43),(556,'02:06',10,'London Traffic',43),(557,'02:24',11,'Heat Wave',43),(558,'01:47',12,'Sweet Soul Music',43),(559,'01:57',13,'Bricks And Mortar',43),(560,'02:23',14,'In The City',43),(561,'02:07',15,'Art School',43),(562,'02:55',16,'Back In My Arms Again',43),(563,'03:21',17,'Slow Down',43),(564,'02:06',18,'In The Midnight Hour',43),(565,'02:54',19,'Sounds From The Street',43),(566,'03:04',20,'Takin\' My Love',43),(567,'02:10',21,'In The City (Encore)',43),(568,'13:07',1,'I\'m Waiting For The Man',44),(569,'08:53',2,'What Goes On',44),(570,'04:58',3,'Some Kinda Love',44),(571,'08:07',4,'Heroin',44),(572,'06:20',5,'The Black Angel\'s Death Song',44),(573,'04:38',6,'Venus In Furs',44),(574,'03:13',7,'There She Goes Again',44),(575,'03:20',8,'We\'re Gonna Have A Real Good Time Together',44),(576,'02:24',9,'Over You',44),(577,'05:12',10,'Sweet Jane',44),(578,'06:05',11,'Pale Blue Eyes',44),(579,'02:58',12,'After Hours',44),(580,'06:33',1,'I\'m Waiting For The Man',44),(581,'05:11',2,'Venus In Furs',44),(582,'04:04',3,'Some Kinda Love',44),(583,'03:02',4,'Over You',44),(584,'07:54',5,'I Can\'t Stand It',44),(585,'02:50',6,'There She Goes Again',44),(586,'02:30',7,'After Hours',44),(587,'03:40',8,'Were Gonna Have A Real Good Time Together',44),(588,'07:50',9,'Sweet Bonnie Brown/Too Much',44),(589,'10:05',10,'Heroin',44),(590,'09:27',11,'White Light/White Heat',44),(591,'04:48',12,'I\'m Set Free',44),(592,'03:15',1,'Were Gonna Have A Real Good Time Together',44),(593,'04:38',2,'Some Kinda Love',44),(594,'02:59',3,'There She Goes Again',44),(595,'08:28',4,'Heroin',44),(596,'10:59',5,'Ocean',44),(597,'36:54',6,'Sister Ray',44),(598,'05:31',1,'I\'m Waiting For The Man',44),(599,'04:31',2,'What Goes On',44),(600,'04:03',3,'Some Kinda Love',44),(601,'03:24',4,'Were Gonna Have A Real Good Time Together',44),(602,'05:30',5,'Beginning To See The Light',44),(603,'06:00',6,'Lisa Says',44),(604,'06:28',7,'New Age',44),(605,'06:54',8,'Rock & Roll',44),(606,'06:52',9,'I Can\'t Stand It',44),(607,'08:18',10,'Heroin',44),(608,'08:43',11,'White Light/White Heat',44),(609,'04:20',12,'Sweet Jane',44),(610,'04:24',1,'Fletcher',45),(611,'03:58',2,'Astronaut',45),(612,'09:03',3,'Thirsty Man',45),(613,'02:42',4,'Jericho',45),(614,'05:06',5,'Shine On',45),(615,'03:32',6,'Black River Killer',45),(616,'03:32',7,'Lady On The Water',45),(617,'03:12',8,'Furr',45),(618,'03:03',9,'Not Your Lover',45),(619,'03:05',10,'American Goldwing',45),(620,'02:31',11,'God And Suicide',45),(621,'03:14',12,'Valley Of Death',45),(622,'03:56',13,'Sleepy Time In The Western World',45),(623,'03:32',14,'Wild Mountain Nation',45),(624,'03:27',15,'Miss Spiritual Tramp',45),(625,'04:14',16,'Might Find It Cheap',45),(626,'04:27',1,'Start Of Show 1',46),(627,'04:21',2,'Roadhouse Blues',46),(628,'06:29',3,'Ship Of Fools',46),(629,'04:23',4,'Break On Through (To The Other Side)',46),(630,'02:03',5,'Tuning/Breather',46),(631,'03:15',6,'Peace Frog',46),(632,'02:27',7,'Blue Sunday',46),(633,'01:51',8,'Alabama Song (Whisky Bar)',46),(634,'02:28',9,'Back Door Man',46),(635,'00:32',10,'Love Hides',46),(636,'05:07',11,'Five To One',46),(637,'01:25',12,'Tuning/Breather',46),(638,'05:54',13,'Who Do You Love',46),(639,'06:24',14,'Little Red Rooster',46),(640,'03:17',15,'Money',46),(641,'01:35',16,'Tuning/Breather',46),(642,'08:45',17,'Light My Fire',46),(643,'01:59',18,'More, More, More',46),(644,'06:34',19,'Soul Kitchen',46),(645,'01:02',20,'End Of Show',46),(646,'02:10',1,'Start Of Show 2',46),(647,'00:49',2,'Jim \"How Ya Doing?\"',46),(648,'06:18',3,'Roadhouse Blues',46),(649,'04:52',4,'Break On Through (To The Other Side)',46),(650,'06:55',5,'Ship Of Fools',46),(651,'05:19',6,'Crawling King Snake',46),(652,'01:50',7,'Alabama Song (Whisky Bar)',46),(653,'03:51',8,'Back Door Man',46),(654,'05:38',9,'Five To One',46),(655,'00:11',10,'Pretty Neat, Pretty Good',46),(656,'04:06',11,'Build Me A Woman',46),(657,'01:15',12,'Tuning/Breather',46),(658,'09:35',13,'Who Do You Love',46),(659,'02:08',14,'Tuning/Breather',46),(660,'01:44',15,'Wild Child',46),(661,'01:00',16,'Cheering/Tuning',46),(662,'15:09',17,'When The Music\'s Over',46),(663,'02:22',18,'Tuning/Breather',46),(664,'09:41',19,'Light My Fire',46),(665,'02:05',20,'Hey, Mr. Light Man!',46),(666,'06:38',21,'Soul Kitchen',46),(667,'01:11',22,'Jim\'s Fish Joke',46),(668,'19:51',23,'The End',46),(669,'01:38',24,'End Of Show',46),(670,'01:02',1,'Start Of Show 3',46),(671,'04:29',2,'Roadhouse Blues',46),(672,'06:08',3,'Ship Of Fools',46),(673,'04:40',4,'Break On Through (To The Other Side)',46),(674,'00:48',5,'Tuning/Breather',46),(675,'04:54',6,'Universal Mind',46),(676,'01:24',7,'Alabama Song (Whisky Bar) (False Start)',46),(677,'01:59',8,'Alabama Song (Whisky Bar)',46),(678,'03:14',9,'Back Door Man',46),(679,'06:04',10,'Five To One',46),(680,'01:22',11,'Tuning/Breather',46),(681,'05:55',12,'Moonlight Drive',46),(682,'07:25',13,'Who Do You Love',46),(683,'00:26',14,'Calling Out For Songs',46),(684,'03:14',15,'Money',46),(685,'01:23',16,'Tuning/Breather',46),(686,'10:12',17,'Light My Fire',46),(687,'02:05',18,'More, More, More',46),(688,'12:10',19,'When The Music\'s Over',46),(689,'00:34',20,'Good Night/End Of Show',46),(690,'01:51',1,'Start Of Show 4',46),(691,'05:42',2,'Roadhouse Blues',46),(692,'03:45',3,'Peace Frog',46),(693,'02:01',4,'Alabama Song (Whisky Bar)',46),(694,'02:22',5,'Back Door Man',46),(695,'06:23',6,'Five To One',46),(696,'03:33',7,'We Have A Special Treat',46),(697,'16:47',8,'Celebration Of The Lizard',46),(698,'00:07',9,'Alright, Let\'s Boogie',46),(699,'03:30',10,'Build Me A Woman',46),(700,'12:37',11,'When The Music\'s Over',46),(701,'01:59',12,'More, More, More',46),(702,'07:54',13,'Soul Kitchen',46),(703,'01:13',14,'For Fear Of Getting Too Patriotic',46),(704,'00:48',15,'Petition The Lord With Prayer',46),(705,'11:28',16,'Light My Fire',46),(706,'01:23',17,'Only When The Moon Comes Out',46),(707,'04:03',18,'Close To You',46),(708,'05:03',19,'The Encore Begins',46),(709,'06:02',20,'Rock Me',46),(710,'05:53',21,'What To Do Next?',46),(711,'04:42',22,'Going To N.Y. Blues',46),(712,'00:49',23,'Tuning/Breather',46),(713,'07:33',24,'Maggie M\'Gill',46),(714,'00:29',25,'Tuning/Breather',46),(715,'13:01',26,'Gloria/End Of Show',46),(716,'05:29',1,'Feeling Oblivion',47),(717,'04:22',2,'Underdog (Save Me)',47),(718,'04:29',3,'72',47),(719,'04:36',4,'Future Boy',47),(720,'05:55',5,'The Door',47),(721,'04:33',6,'State Of Things',47),(722,'06:25',7,'By TV Light',47),(723,'03:52',8,'Slack',47),(724,'02:31',9,'Starship',47),(725,'05:33',10,'The Road',47),(726,'05:00',11,'Mind Over Money',47),(727,'05:00',12,'The Optimist',47),(728,'04:37',13,'Rescue Squad',47),(729,'03:43',14,'Pain Killer',47),(730,'05:06',15,'Fishing For A Dream',47),(731,'04:33',16,'Rain City',47),(732,'04:20',17,'Stone Thrown',47),(733,'04:14',18,'Last Chance',47),(734,'07:16',19,'Long Distance',47),(735,'04:50',20,'Chim Chim Cher-ee',47),(736,'06:03',21,'Underdog',47),(737,'06:34',1,'Thunderstruck',48),(738,'05:23',2,'Shoot To Thrill',48),(739,'04:28',3,'Back In Black',48),(740,'05:40',4,'Sin City',48),(741,'05:16',5,'Who Made Who',48),(742,'03:37',6,'Heatseeker',48),(743,'03:40',7,'Fire Your Guns',48),(744,'14:43',8,'Jailbreak',48),(745,'06:56',9,'The Jack',48),(746,'04:35',10,'The Razors Edge',48),(747,'05:02',11,'Dirty Deeds Done Dirt Cheap',48),(748,'04:21',12,'Moneytalks',48),(749,'06:01',13,'Hells Bells',48),(750,'04:34',14,'Are You Ready',48),(751,'03:57',15,'Thats The Way I Wanna Roc\'n\' Roll',48),(752,'10:32',16,'High Voltage',48),(753,'03:54',17,'You Shook Me All Night Long',48),(754,'04:30',18,'Whole Lotta Rosie',48),(755,'12:17',19,'Let The Be Rock',48),(756,'01:03',20,'Bonny',48),(757,'03:53',21,'Highway To Hell',48),(758,'03:48',22,'T.N.T.',48),(759,'07:09',23,'For Those About To Rock (We Salute You)',48),(760,'04:19',1,'Intro',49),(761,'07:12',2,'Shine A Light',49),(762,'07:00',3,'Electric Mainline',49),(763,'03:30',4,'Electricity',49),(764,'03:27',5,'Home Of The Brave',49),(765,'02:56',6,'The Individual',49),(766,'06:37',7,'Medication',49),(767,'04:17',8,'Walking With Jesus',49),(768,'06:46',9,'Take Your Time',49),(769,'03:56',10,'No God Only Religion',49),(770,'05:53',11,'Broken Heart',49),(771,'06:56',12,'Come Together',49),(772,'10:08',13,'I Think I\'m In Love',49),(773,'16:34',14,'Cop Shoot Cop',49),(774,'05:52',15,'Oh Happy Day',49),(775,'04:48',1,'Neighborhood #1 (Tunnels)',50),(776,'03:32',2,'Neighborhood #2 (Laka)',50),(777,'03:41',3,'Une Anne Sans Lumiere',50),(778,'05:12',4,'Neighborhood #3 (Power Out)',50),(779,'04:49',5,'Neighborhood #4 (7 Kettles)',50),(780,'04:42',6,'Crown Of Love',50),(781,'05:35',7,'Wake Up',50),(782,'04:07',8,'Haiti',50),(783,'05:12',9,'Rebellion (Lies)',50),(784,'06:20',10,'In The Backseat',50),(785,'04:13',1,'Black Mirror',51),(786,'03:29',2,'Keep The Car Running',51),(787,'02:16',3,'Neon Bible',51),(788,'04:19',4,'Intervention',51),(789,'03:57',5,'Black Wave / Bad Vibrations',51),(790,'04:53',6,'Ocean Of Noise',51),(791,'03:56',7,'The Well And The Lighthouse',51),(792,'05:10',8,'(Antichrist Television Blues)',51),(793,'04:16',9,'Windowsill',51),(794,'05:43',10,'No Cars Go',51),(795,'04:47',11,'My Body Is A Cage',51),(796,'05:14',1,'The Suburbs',52),(797,'04:15',2,'Ready To Start',52),(798,'04:39',3,'Modern Man',52),(799,'03:56',4,'Rococo',52),(800,'02:51',5,'Empty Room',52),(801,'03:11',6,'City With No Children',52),(802,'04:15',7,'Half Light I',52),(803,'04:25',8,'Half Light II (No Celebration)',52),(804,'04:45',9,'Suburban War',52),(805,'03:50',10,'Month Of May',52),(806,'03:20',11,'Wasted Hours',52),(807,'04:28',12,'Deep Blue',52),(808,'05:01',13,'We Used To Wait',52),(809,'02:54',14,'Sprawl I (Flatland)',52),(810,'05:25',15,'Sprawl II (Mountains Beyond Mountains)',52),(811,'01:27',16,'The Suburbs (Continued)',52),(812,'07:33',1,'Reflektor',53),(813,'05:43',2,'We Exist',53),(814,'02:42',3,'Flashbulb Eyes',53),(815,'06:30',4,'Here Comes The Night Time',53),(816,'04:22',5,'Normal Person',53),(817,'03:59',6,'You Already Know',53),(818,'05:26',7,'Joan Of Arc',53),(819,'02:52',8,'Here Comes The Night Time II',53),(820,'06:13',9,'Awful Sound (Oh Eurydice)',53),(821,'06:42',10,'Its Never Over (Hey Orpheus)',53),(822,'06:02',11,'Porno',53),(823,'05:52',12,'Afterlife',53),(824,'05:56',13,'Supersymmetry',53),(825,'05:14',14,'Untitled',53),(826,'00:46',1,'Everything_Now (Continued)',54),(827,'05:03',2,'Everything Now',54),(828,'04:37',3,'Signs Of Life',54),(829,'04:44',4,'Creature Comfort',54),(830,'02:49',5,'Peter Pan',54),(831,'03:38',6,'Chemistry',54),(832,'01:42',7,'Infinite Content',54),(833,'01:37',8,'Infinite_Content',54),(834,'04:02',9,'Electric Blue',54),(835,'02:34',10,'Good God Damn',54),(836,'05:53',11,'Put Your Money On Me',54),(837,'06:29',12,'We Dont Deserve Love',54),(838,'02:22',13,'Everything Now (Continued)',54),(839,'04:09',1,'Under The Sky',55),(840,'03:56',2,'Never Too Late',55),(841,'04:10',3,'Come Follow Me',55),(842,'03:45',4,'Be What You Want',55),(843,'06:08',5,'Memphis Water',55),(844,'03:27',6,'No Questions Asked',55),(845,'04:03',7,'Into The Gutter',55),(846,'04:13',8,'Sometimes Your Love',55),(847,'02:59',9,'Leavin Today',55),(848,'05:57',10,'Preachin\'',55),(849,'05:11',11,'Always',55),(850,'04:11',1,'Demon Eyes',56),(851,'04:04',2,'Too Far Gone',56),(852,'03:37',3,'On And On',56),(853,'05:16',4,'Cry Out',56),(854,'04:51',5,'Why\'d You Change Your Mind',56),(855,'03:51',6,'Pride',56),(856,'04:12',7,'Walkin\' Mat',56),(857,'03:13',8,'Tonight',56),(858,'03:18',9,'Dead Of The Night',56),(859,'04:45',10,'Comfort Zone',56),(860,'04:36',11,'Evil Man',56),(861,'03:58',1,'Waste Your Tears',57),(862,'03:37',2,'Use Me',57),(863,'03:09',3,'Trouble',57),(864,'03:38',4,'Nowhere Freeway',57),(865,'03:46',5,'Tornado',57),(866,'04:15',6,'Vida (I Want You)',57),(867,'04:42',7,'Caught On The Riverbed',57),(868,'04:26',8,'Destroy Me',57),(869,'04:40',9,'New Day Rising',57),(870,'03:17',10,'Can\'t Remember Cant Forget',57),(871,'06:32',11,'One More Revival',57),(872,'04:06',12,'Lights Are Down',57),(873,'03:49',1,'New Horizon',58),(874,'03:52',2,'Leave With Nothin',58),(875,'03:53',3,'Spectacular',58),(876,'03:39',4,'Speak Now',58),(877,'03:46',5,'Somebody Else',58),(878,'03:46',6,'Concrete',58),(879,'04:56',7,'Call Yourself A Friend',58),(880,'03:04',8,'Baby Kill Me',58),(881,'03:30',9,'Burn You Down',58),(882,'03:34',10,'Scream A Louder Love',58),(883,'04:17',1,'Long Live The Renegades',59),(884,'04:20',2,'The Other Side',59),(885,'03:34',3,'Aristocrat',59),(886,'03:25',4,'Cigarettes & Regret',59),(887,'05:35',5,'Last Days Of Summer',59),(888,'05:19',6,'Strange Kinda Nothing',59),(889,'03:31',7,'I Am What I Am',59),(890,'04:04',8,'Whiplash',59),(891,'03:57',9,'Gone Too Long',59),(892,'03:25',10,'Red',59),(893,'04:18',11,'I Am Cured',59),(894,'05:03',12,'Raise A Little Hell',59),(895,'03:48',13,'Feel Like I\'m On My Way',59),(896,'04:10',14,'Flying',59),(897,'04:26',15,'I Will Follow On',59),(898,'04:36',1,'Solas',60),(899,'04:09',2,'Beautiful World',60),(900,'06:12',3,'Battle Cry',60),(901,'04:08',4,'Untrue Colour',60),(902,'03:53',5,'In This Land',60),(903,'04:08',6,'Thief Of Light',60),(904,'04:38',7,'Being Begotten',60),(905,'04:20',8,'Left Me Standing',60),(906,'03:28',9,'Demon Driven Man',60),(907,'04:38',10,'Real Life Dreamers',60),(908,'05:03',11,'Tunnel',60),(909,'02:30',12,'In This Land',60),(910,'03:52',13,'Light In Darkness',60),(911,'06:15',14,'Money',60),(912,'05:31',15,'The Island',60),(913,'05:12',1,'Born On The Bayou',61),(914,'03:03',2,'Green River',61),(915,'04:05',3,'Tombstone Shadow',61),(916,'02:25',4,'Dont Look Now',61),(917,'02:07',5,'Travelin\' Band',61),(918,'02:38',6,'Wholl Stop The Rain',61),(919,'02:22',7,'Bad Moon Rising',61),(920,'03:29',8,'Proud Mary',61),(921,'02:25',9,'Fortunate Son',61),(922,'02:35',10,'Commotion',61),(923,'03:47',11,'The Midnight Special',61),(924,'03:24',12,'Night Time Is The Right Time',61),(925,'02:49',13,'Down On The Corner',61),(926,'09:04',14,'Keep On Chooglin',61),(927,'01:07',1,'Bagpipe (intro)',62),(928,'02:08',2,'Lets Shake Hands',62),(929,'03:22',3,'Icky Thump / When I Hear My Name',62),(930,'05:22',4,'Icky Thump',62),(931,'02:08',5,'Hotel Yorba',62),(932,'03:47',6,'Jolene',62),(933,'03:38',7,'Cannon / John the Revelator',62),(934,'07:57',8,'Death Letter',62),(935,'05:20',9,'I\'m Slowly Turning Into You',62),(936,'06:03',10,'Apple Blossom / One More Cup Of Coffee / I Think I Smell A Rat',62),(937,'02:24',11,'Wasting My Time',62),(938,'07:10',12,'300 MPH Torrential Outpour Blues',62),(939,'05:31',13,'I Fought Piranhas',62),(940,'02:50',14,'Lafayette Blues',62),(941,'03:38',15,'Fell in Love With a Girl',62),(942,'02:20',16,'Aluminum',62),(943,'03:27',17,'Do',62),(944,'07:37',18,'Astro / Screwdriver',62),(945,'03:12',19,'Black Math',62),(946,' Cold Night',20,'In the Cold',62),(947,' Send Me an Angel',21,'Lord',62),(948,'05:15',22,'Catch Hell Blues',62),(949,'04:45',23,'A Martyr for My Love for You',62),(950,'05:22',24,'My Doorbell',62),(951,'02:45',25,'We Are Going to Be Friends',62),(952,'05:39',26,'Im Finding It Harder To Be A Gentleman / Why Cant You Be Nicer To Me',62),(953,'05:47',27,'Hello Operator / Prickly Thorn But Sweetly Worn',62),(954,'03:26',28,'Dead Leaves and the Dirty Ground',62),(955,'03:53',29,'You Don\'t Know What Love Is (You Just Do As Your Told)',62),(956,'06:04',30,'Seven Nation Army',62),(957,'04:39',31,'De Ballit of De Boll Weevil',62),(958,'03:38',32,'Bagpipe Outro / Instrumental',62),(959,'03:02',1,'Devil\'s A Go-Go',63),(960,'02:42',2,'Wild Mountain Nation',63),(961,'02:14',3,'Futures & Folly',63),(962,'02:59',4,'Miss Spiritual Tramp',63),(963,'02:48',5,'Woof & Warp Of The Quiet Giants Hem',63),(964,'03:04',6,'Sci-Fi Kid',63),(965,'01:04',7,'Wild Mtn. Jam',63),(966,'03:27',8,'Hot Tip/Tough Cub',63),(967,'03:16',9,'The Green King Sings',63),(968,'02:24',10,'Summer Town',63),(969,'02:51',11,'Murder Babe',63),(970,'02:04',12,'Country Caravan',63),(971,'01:46',13,'Badgers Black Brigade',63),(972,'03:30',1,'Sleepytime In The Western World',64),(973,'02:47',2,'Gold For Bread',64),(974,'04:08',3,'Furr',64),(975,'02:21',4,'God & Suicide',64),(976,'02:51',5,'Fire & Fast Bullets',64),(977,'02:08',6,'Saturday Nite',64),(978,'03:28',7,'Black River Killer',64),(979,'02:51',8,'Not Your Lover',64),(980,'03:02',9,'Love U',64),(981,'03:20',10,'War On Machines',64),(982,'02:46',11,'Stolen Shoes & A Rifle',64),(983,'03:28',12,'Echo/Always On/EZ Con',64),(984,'02:27',13,'Lady On The Water',64),(985,'06:17',1,'Destroyer Of The Void',65),(986,'03:09',2,'Laughing Lover',65),(987,'05:26',3,'Below The Hurricane',65),(988,'03:07',4,'The Man Who Would Speak True',65),(989,'03:23',5,'Love And Hate',65),(990,'03:44',6,'Heaven And Earth',65),(991,'03:02',7,'Dragons Song',65),(992,'03:35',8,'The Tree',65),(993,'03:42',9,'Evening Star',65),(994,'03:26',10,'Lover Leave Me Drowning',65),(995,'03:20',11,'The Tailor',65),(996,'03:41',12,'Sadie',65),(997,'03:12',1,'Might Find It Cheap',66),(998,'03:27',2,'Fletcher',66),(999,'03:40',3,'Love The Way You Walk Away',66),(1000,'03:01',4,'Your Crying Eyes',66),(1001,'02:39',5,'My Home Town',66),(1002,'03:39',6,'Girl In A Coat',66),(1003,'03:09',7,'American Goldwing',66),(1004,'04:05',8,'Astronaut',66),(1005,'02:56',9,'Taking It Easy Too Long',66),(1006,'04:40',10,'Street Fighting Sun',66),(1007,'03:17',11,'Stranger In A Strange Land',66),(1008,'03:36',1,'Feel The Chill',67),(1009,'03:13',2,'Ever Loved Once',67),(1010,'03:43',3,'Shine On',67),(1011,'03:41',4,'Thirsty Man',67),(1012,'03:27',5,'Valley Of Death',67),(1013,'02:38',6,'Oregon Geography',67),(1014,'02:34',7,'Neck Tatts, Cadillacs',67),(1015,'04:38',8,'Earth (Fever Called Love)',67),(1016,'03:47',9,'Drive On Up',67),(1017,'04:36',10,'Heart Attack',67),(1018,'04:06',11,'Faces Of You',67),(1019,'03:24',12,'Don\'t Be A Stranger',67),(1020,'04:09',1,'Out On The Weekend',68),(1021,'02:51',2,'Harvest',68),(1022,'04:03',3,'A Man Needs A Maid',68),(1023,'03:06',4,'Heart Of Gold',68),(1024,'03:52',5,'Are You Ready For The Country',68),(1025,'02:51',6,'Old Man',68),(1026,'03:14',7,'Theres A World',68),(1027,'03:43',8,'Alabama',68),(1028,'02:11',9,'The Needle And The Damage Done',68),(1029,'05:07',10,'Words / (Between The Lines Of Age)',68),(1030,'03:52',1,'All Across This Land',69),(1031,'03:46',2,'Rock And Roll (Was Made For You)',69),(1032,'04:03',3,'Mystery And Wonder',69),(1033,'03:37',4,'Love Grow Cold',69),(1034,'03:42',5,'Lonesome Angel',69),(1035,'03:53',6,'Nights Were Made For Love',69),(1036,'04:34',7,'Cadillac Road',69),(1037,'03:30',8,'Let The Cards Fall',69),(1038,'03:31',9,'Even If You Dont',69),(1039,'04:41',10,'Across The River',69),(1040,'03:18',1,'Rebel',70),(1041,'04:09',2,'Wild and Reckless',70),(1042,'00:55',3,'Forever Pt. 1',70),(1043,'04:11',4,'Joanna',70),(1044,'04:24',5,'No Mans Land',70),(1045,'02:44',6,'Stolen Hearts',70),(1046,'02:49',7,'Dance With Me',70),(1047,'03:05',8,'Love Live On',70),(1048,'03:04',9,'When I\'m Dying',70),(1049,'03:02',10,'Baby Wont You Turn Me On',70),(1050,'03:31',11,'Forever Pt. 2',70),(1051,'02:59',12,'Wind Dont Always Blow',70),(1052,'02:57',1,'I Believe',71),(1053,'03:41',2,'Time',71),(1054,'03:04',3,'Hogtied Like A Rodeo',71),(1055,'03:56',4,'Wrong',71),(1056,'02:25',5,'The Woods',71),(1057,'03:01',6,'Story',71),(1058,'04:12',7,'Mad Man',71),(1059,'02:53',8,'The Bar And The Beer',71),(1060,'03:02',9,'My Lie',71),(1061,'03:26',10,'Carnage',71),(1062,'04:04',11,'Todays Tomorrow, Tomorrows Today',71),(1063,'03:49',12,'Sweet Hereafter',71),(1064,'03:57',1,'The Woods',72),(1065,'04:29',2,'Carnage',72),(1066,'03:43',3,'Damned',72),(1067,'04:46',4,'Today\'s Tomorrow',72),(1068,'03:19',5,'Bar And The Beer',72),(1069,'04:21',6,'Sweet Hereafter',72),(1070,'03:46',7,'Story',72),(1071,'03:26',8,'I Believe',72),(1072,'04:27',9,'The Madman',72),(1073,'03:31',10,'Wrong',72),(1074,'03:39',11,'Hogtied Like A Rodeo',72),(1075,'02:56',12,'Hideous Heart',72),(1076,'03:36',1,'Ballad Of A Dead Man',73),(1077,'03:44',2,'How The West Was Won',73),(1078,'03:45',3,'The Pilot',73),(1079,'03:29',4,'One Lone Night',73),(1080,'02:24',5,'Sleepy Little Town',73),(1081,'03:28',6,'BB Guns And Dirt Bikes',73),(1082,'03:26',7,'The Bowery',73),(1083,'03:47',8,'Wish It Was True',73),(1084,'03:37',9,'Hold The Line',73),(1085,'02:19',10,'Good O\'l Day To Die',73),(1086,'04:28',11,'Stunt Driver',73),(1087,'02:48',12,'The Witch',73),(1088,'05:42',13,'I Am The Light',73),(1089,'03:32',1,'Shall We Go On',74),(1090,'03:33',2,'The Getaway',74),(1091,'03:18',3,'When Im Gone',74),(1092,'02:23',4,'Joey White',74),(1093,'01:26',5,'30 Days Back',74),(1094,'03:21',6,'The Whistler',74),(1095,'02:15',7,'Set My Body Free',74),(1096,'01:43',8,'Redemption #2',74),(1097,'04:10',9,'This Year',74),(1098,'02:17',10,'Fire Dont Know',74),(1099,'02:32',11,'Joe And Jolene',74),(1100,'03:53',12,'Don\'t You Want It',74),(1101,'00:47',13,'#13',74),(1102,'03:34',14,'Pray To You Now',74),(1103,'03:06',1,'Dark Days',75),(1104,'02:55',2,'Chico',75),(1105,'03:07',3,'Go The Distance',75),(1106,'03:22',4,'Radio With No Sound',75),(1107,'04:18',5,'Home Is In Your Arms',75),(1108,'03:14',6,'I Got You',75),(1109,'02:30',7,'Modern Times',75),(1110,'04:07',8,'Last Call To Heaven',75),(1111,'04:19',9,'Where Is Your Savior',75),(1112,'03:57',10,'Rocky',75),(1113,'05:11',11,'Come On Love Come On In',75),(1114,'03:03',1,'Hide And Seek',76),(1115,'02:53',2,'Avalon',76),(1116,'03:56',3,'Robbery',76),(1117,'03:47',4,'The Observatory',76),(1118,'03:26',5,'Madams Soft, Madams Sweet',76),(1119,'02:47',6,'Nightstalker Blues',76),(1120,'03:59',7,'If I Lost My Eyes',76),(1121,'03:21',8,'Border Town / Bury Me In Baja',76),(1122,'03:28',9,'The Heart And Soul Of The Night',76),(1123,'03:18',10,'I Am The Moon',76),(1124,'03:53',1,'Little Moon',77),(1125,'02:29',2,'Youre Not Coming Home Tonight',77),(1126,'03:13',3,'Tangerine',77),(1127,'03:45',4,'Jagadamba, You Might',77),(1128,'03:28',5,'Our Own Pretty Ways',77),(1129,'05:33',6,'Pervigilo',77),(1130,'02:49',7,'Cross Oceans',77),(1131,'02:36',1,'In The Morning',78),(1132,'03:40',2,'Hard Believer',78),(1133,'02:44',3,'Sailor Song',78),(1134,'02:49',4,'Waltz For Richard',78),(1135,'03:21',5,'Heavy Storm',78),(1136,'04:47',6,'Ghost Town',78),(1137,'03:31',7,'Josefin',78),(1138,'04:21',8,'A Window Opens',78),(1139,'03:39',9,'Winter Is All Over You',78),(1140,'02:49',10,'I Met Up With The King',78),(1141,'04:22',11,'Wills Of The River',78),(1142,'05:07',1,'The Lion\'s Roar',79),(1143,'04:18',2,'Emmylou',79),(1144,'04:13',3,'In The Hearts Of Men',79),(1145,'03:12',4,'Blue',79),(1146,'04:24',5,'This Old Routine',79),(1147,'05:44',6,'To A Poet',79),(1148,'04:13',7,'I Found A Way',79),(1149,'04:50',8,'Dance To Another Tune',79),(1150,'03:07',9,'New Years Eve',79),(1151,'03:39',10,'King Of The World',79),(1152,'03:35',1,'My Silver Lining',80),(1153,'03:47',2,'Master Pretender',80),(1154,'04:11',3,'Stay Gold',80),(1155,'04:43',4,'Cedar Lane',80),(1156,'04:04',5,'Shattered & Hollow',80),(1157,'03:28',6,'The Bell',80),(1158,'04:04',7,'Waitress Song',80),(1159,'03:14',8,'Fleeting One',80),(1160,'03:18',9,'Heaven Knows',80),(1161,'04:01',10,'A Long Time Ago',80),(1162,'03:04',1,'Some Old Girl',81),(1163,'02:55',2,'First Comes First',81),(1164,'03:03',3,'50 To A ',81),(1165,'02:31',4,'Worse For Wear',81),(1166,'02:14',5,'Loser',81),(1167,'03:29',6,'Panic Attack',81),(1168,'03:32',7,'Tommy\'s Disease',81),(1169,'02:18',8,'Stop Breathing',81),(1170,'03:08',9,'Alright In The Morning',81),(1171,'02:24',10,'21',81),(1172,'04:56',11,'Sorry',81),(1173,'03:08',1,'Punk RIP',82),(1174,'03:34',2,'Whats The Point In Anything New',82),(1175,'03:10',3,'Shame About Elle',82),(1176,'03:07',4,'No Mundane Options',82),(1177,'03:42',5,'Sticky Fingers',82),(1178,'03:29',6,'Molotov Cocktail',82),(1179,'03:06',7,'You And I',82),(1180,'02:57',8,'Plastic Men',82),(1181,'03:05',9,'Stand Down',82),(1182,'03:02',10,'Gangs',82),(1183,'03:20',11,'Heartsong',82),(1184,'04:07',1,'The Littlest Birds',83),(1185,'04:57',2,'Broken Telephone',83),(1186,'03:59',3,'Rain And Snow',83),(1187,'04:40',4,'Lake Of Pontchartrain',83),(1188,'04:55',5,'Only In The Past',83),(1189,'04:51',6,'The Coo Coo Bird',83),(1190,'04:48',7,'Dogsong Aka Sleep Dog Lullaby',83),(1191,'05:36',8,'Momsong',83),(1192,'03:41',9,'Dont You Fall',83),(1193,'03:20',10,'Up Against The Wall',83),(1194,'04:18',11,'Oh Susanna',83),(1195,'05:00',12,'Light Enough To Travel',83),(1196,'02:41',1,'It\'s Not Happening',84),(1197,'05:13',2,'Waiting Around To Die',84),(1198,'03:47',3,'The Junkie Song',84),(1199,'04:13',4,'Ship Out On The Sea',84),(1200,'05:08',5,'Dogsong 2',84),(1201,'03:32',6,'Rowdy Blues',84),(1202,'04:23',7,'Reuben',84),(1203,'03:49',8,'House Of The Rising Sun',84),(1204,'03:59',9,'In Spite Of All The Damage',84),(1205,'04:17',10,'Lonesome Blues',84),(1206,'03:43',11,'In My Time Of Dying',84),(1207,'03:50',12,'I Wish My Baby Was Born',84),(1208,'04:01',13,'Horses',84),(1209,'03:41',14,'Midnight Moonlight',84),(1210,'04:12',1,'Human Thing',85),(1211,'04:27',2,'For The Turnstiles',85),(1212,'03:46',3,'A Thousand Tiny Pieces',85),(1213,'03:20',4,'Ootischenia',85),(1214,'02:42',5,'A Little Blues',85),(1215,'04:46',6,'Scattered Leaves',85),(1216,'04:22',7,'Hello Love',85),(1217,'03:59',8,'Nobody Cares For Me',85),(1218,'03:13',9,'Out Of The Wilderness',85),(1219,'04:16',10,'Song For R.',85),(1220,'04:29',11,'What Are They Doing In Heaven Today',85),(1221,'02:47',12,'Crow Waltz',85),(1222,'04:02',13,'When Doves Cry',85),(1223,'02:38',1,'Vertigo',86),(1224,'03:24',2,'Death On The Stairs',86),(1225,'02:34',3,'Horrorshow',86),(1226,'02:40',4,'Time For Heroes',86),(1227,'03:42',5,'Boy\'s In The Band',86),(1228,'03:44',6,'Radio America',86),(1229,'02:38',7,'Up The Bracket',86),(1230,'03:24',8,'Tell The King',86),(1231,'02:38',9,'The Boy Looked At Johnny',86),(1232,'03:20',10,'Begging',86),(1233,'02:59',11,'The Good Old Days',86),(1234,'02:53',12,'I Get Along',86),(1235,'03:23',1,'Can\'t Stand Me Now',87),(1236,'02:33',2,'Last Post On The Bugle',87),(1237,'03:03',3,'Don\'t Be Shy',87),(1238,'03:59',4,'The Man Who Would Be King',87),(1239,'03:02',5,'Music When The Lights Go Out',87),(1240,'02:10',6,'Narcissist',87),(1241,'02:29',7,'The Ha Ha Wall',87),(1242,'01:13',8,'Arbeit Macht Frei',87),(1243,'02:10',9,'Campaign Of Hate',87),(1244,'03:49',10,'What Katie Did',87),(1245,'02:06',11,'Tomblands',87),(1246,'01:53',12,'The Saga',87),(1247,'04:21',13,'Road To Ruin',87),(1248,'05:54',14,'What Became Of The Likely Lads',87),(1249,'03:36',1,'Barbarians',88),(1250,'02:58',2,'Gunga Din',88),(1251,'03:07',3,'Fame And Fortune',88),(1252,'04:26',4,'Anthem For Doomed Youth',88),(1253,'04:19',5,'You\'re My Waterloo',88),(1254,'04:06',6,'Belly Of The Beast',88),(1255,'04:58',7,'Iceman',88),(1256,'03:29',8,'Heart Of The Matter',88),(1257,'02:40',9,'Fury Of Chonburi',88),(1258,'03:23',10,'The Milkmans Horse',88),(1259,'03:12',11,'Glasgow Coma Scale Blues',88),(1260,'05:17',12,'Dead For Love',88),(1261,'02:59',1,'My Old Boogie',89),(1262,'02:31',2,'Long Gone',89),(1263,'03:02',3,'Spreadin\' Your Love Around',89),(1264,'03:39',4,'Boom Chank',89),(1265,'02:50',5,'Worryin\' Kind',89),(1266,'05:54',6,'Left Hand George',89),(1267,'02:43',7,'Mud',89),(1268,'03:42',8,'Another Bottle',89),(1269,'04:35',9,'Aberdeen',89),(1270,'03:11',10,'Plainfield Blues',89),(1271,'03:39',11,'My Soul To Sleep',89),(1272,'04:00',12,'Sugar Man',89),(1273,'02:57',1,'Blow That Horn',90),(1274,'02:35',2,'Down By The Riverside',90),(1275,'02:54',3,'Glory Glory Hallelujah',90),(1276,'01:37',4,'Tell All The World John',90),(1277,'03:25',5,'I Shall Not Be Moved',90),(1278,'01:58',6,'Rock Island Line',90),(1279,'02:15',7,'Let Your Light Shine',90),(1280,'02:43',8,'Amazing Grace',90),(1281,'03:06',1,'Can\'t Pay The Bill',91),(1282,'02:28',1,'Mamas Fried Potatoes',91),(1283,'04:13',1,'Worn Out Shoe',91),(1284,'03:00',1,'DT\'s Or The Devil',91),(1285,'03:54',1,'Your Cousins On Cops',91),(1286,'03:24',1,'John Hughes',91),(1287,'02:45',1,'The Creeks Are All Bad',91),(1288,'02:47',1,'Them Old Days Are Gone',91),(1289,'03:11',1,'Wal-mart Killed The Country Store',91),(1290,'03:02',1,'I\'d Love You Baby',91),(1291,'02:52',1,'Why Is Everybody Getting Paid But Me',91),(1292,'02:50',1,'Whats Mine Is Yours',91),(1293,'02:05',1,'Persimmon Song',91),(1294,'03:14',1,'Born Bred Corn Fed',92),(1295,'03:15',2,'Redbuds',92),(1296,'04:28',3,'Clap Your Hands',92),(1297,'03:09',4,'Sure Feels Like Rain',92),(1298,'03:28',5,'Everythings Raising',92),(1299,'03:35',6,'What Go Around Come Around',92),(1300,'02:34',7,'Sugar Creek',92),(1301,'03:15',8,'In A Holler Over There',92),(1302,'03:57',9,'That Train Song',92),(1303,'03:02',10,'Lick Creek Road',92),(1304,'02:40',11,'Ft. Wayne Zoo',92),(1305,'02:52',12,'Just Getting By',92),(1306,'02:44',13,'Two Bottles Of Wine',92),(1307,'02:02',14,'Miss Sarah',92),(1308,'02:10',1,'Jesus Is A Dying Bed Maker',93),(1309,'01:50',2,'Some Of These Days I\'ll Be Gone',93),(1310,'02:31',3,'Mississippi Boweavil Blues',93),(1311,'03:24',4,'Elder Greene Blues',93),(1312,'02:21',5,'Tom Rushen Blues',93),(1313,'01:57',6,'Some Happy Days',93),(1314,'02:02',7,'Some Of These Days I\'ll Be Gone - Banjo Version',93),(1315,'02:58',8,'Green River Blues',93),(1316,'02:57',9,'Prayer Of Death Pt. 1',93),(1317,'01:34',10,'A Spoonful Blues',93),(1318,'02:07',11,'Youre Gonna Need Someone When You Come To Die',93),(1319,'01:52',12,'Shake It And Break It',93),(1320,'02:12',13,'Some Of These Days I\'ll Be Gone - Slide Guitar Version',93),(1321,'02:45',1,'Devil\'s Look Like Angels',94),(1322,'03:39',2,'Something For Nothing',94),(1323,'03:47',3,'Well Get Through',94),(1324,'04:06',4,'Big Blue Chevy 72',94),(1325,'02:53',5,'Shut The Screen',94),(1326,'03:44',6,'Shake Em Off Like Fleas',94),(1327,'03:46',7,'Easy Come Easy Go',94),(1328,'03:54',8,'I Don\'t Know',94),(1329,'03:19',9,'Don\'t Grind It Down',94),(1330,'04:28',10,'The Money Goes',94),(1331,'02:21',11,'Move Along Mister',94),(1332,'03:12',12,'Between The Ditches',94),(1333,'03:22',13,'Brokedown Everywhere',94),(1334,'02:57',14,'Brown County Bound',94),(1335,'03:08',1,'Lets Jump A Train',95),(1336,'05:01',2,'Pot Roast And Kisses',95),(1337,'05:16',3,'Dirt',95),(1338,'04:27',4,'Raise A Little Hell',95),(1339,'04:32',5,'Scream At The Night',95),(1340,'02:30',6,'Hell Naw',95),(1341,'03:50',7,'Front Porch Trained',95),(1342,'02:58',8,'Pickin Pawpaws',95),(1343,'04:20',9,'We Live Dangerous',95),(1344,'02:17',10,'You\'re Not Rich',95),(1345,'04:52',11,'Music And Friends',95),(1346,'04:03',1,'We Deserve A Happy Ending',96),(1347,'03:07',2,'When My Baby Left Me',96),(1348,'03:15',3,'Shakey Shirley',96),(1349,'03:12',4,'What You Did To The Boy Ain\'t Right',96),(1350,'03:52',5,'One Bad Shoe',96),(1351,'02:29',6,'Its All Night Long',96),(1352,'02:29',7,'One More Thing',96),(1353,'02:33',8,'Flying Squirrels',96),(1354,'03:09',9,'Let Your Light Shine',96),(1355,'03:13',10,'When You Lose Your Money',96),(1356,'03:26',11,'Cornbread And Butterbeans',96);
/*!40000 ALTER TABLE `song` ENABLE KEYS */;
UNLOCK TABLES;
/*!40103 SET TIME_ZONE=@OLD_TIME_ZONE */;

/*!40101 SET SQL_MODE=@OLD_SQL_MODE */;
/*!40014 SET FOREIGN_KEY_CHECKS=@OLD_FOREIGN_KEY_CHECKS */;
/*!40014 SET UNIQUE_CHECKS=@OLD_UNIQUE_CHECKS */;
/*!40101 SET CHARACTER_SET_CLIENT=@OLD_CHARACTER_SET_CLIENT */;
/*!40101 SET CHARACTER_SET_RESULTS=@OLD_CHARACTER_SET_RESULTS */;
/*!40101 SET COLLATION_CONNECTION=@OLD_COLLATION_CONNECTION */;
/*!40111 SET SQL_NOTES=@OLD_SQL_NOTES */;

-- Dump completed on 2017-12-20 23:07:50
